id,label,degree,closnesscentrality,betweenesscentrality,clustering
0.0,"ABRAMSON, G",2,1.3333333333333333,0.0,1.0
1.0,"KUPERMAN, M",3,1.0,2.0,0.3333333333333333
2.0,"ACEBRON, J",4,1.0,0.0,1.0
3.0,"BONILLA, L",4,1.0,0.0,1.0
4.0,"PEREZVICENTE, C",4,1.0,0.0,1.0
5.0,"RITORT, F",4,1.0,0.0,1.0
6.0,"SPIGLER, R",4,1.0,0.0,1.0
7.0,"ADAMIC, L",4,1.4285714285714286,6.0,0.5
8.0,"ADAR, E",1,2.2857142857142856,0.0,0.0
9.0,"HUBERMAN, B",6,1.1428571428571428,14.0,0.26666666666666666
10.0,"LUKOSE, R",3,1.5714285714285714,0.0,1.0
11.0,"PUNIYANI, A",3,1.5714285714285714,0.0,1.0
12.0,"AERTSEN, A",7,1.0,12.0,0.42857142857142855
13.0,"GERSTEIN, G",3,1.5714285714285714,0.0,1.0
14.0,"HABIB, M",3,1.5714285714285714,0.0,1.0
15.0,"PALM, G",3,1.5714285714285714,0.0,1.0
16.0,"AFRAIMOVICH, V",2,1.0,0.0,1.0
17.0,"VERICHEV, N",2,1.0,0.0,1.0
18.0,"RABINOVICH, M",2,1.0,0.0,1.0
19.0,"AGRAWAL, H",0,0.0,0.0,0.0
20.0,"AHUJA, R",2,1.0,0.0,1.0
21.0,"MAGNANTI, T",2,1.0,0.0,1.0
22.0,"ORLIN, J",2,1.0,0.0,1.0
23.0,"AIELLO, W",2,1.8333333333333333,0.0,1.0
24.0,"CHUNG, F",5,1.1666666666666667,3.5,0.5
25.0,"LU, L",5,1.1666666666666667,3.5,0.5
26.0,"ALBA, R",0,0.0,0.0,0.0
27.0,"ALBERICH, R",2,1.0,0.0,1.0
28.0,"MIROJULIA, J",2,1.0,0.0,1.0
29.0,"ROSSELLO, F",2,1.0,0.0,1.0
30.0,"ALBERT, R",10,4.722222222222222,6516.850268848803,0.26666666666666666
31.0,"ALBERT, I",2,5.716931216931217,0.0,1.0
32.0,"NAKARADO, G",2,5.716931216931217,0.0,1.0
33.0,"BARABASI, A",34,4.6878306878306875,10834.473420370474,0.13368983957219252
34.0,"JEONG, H",27,4.354497354497354,17858.002512812254,0.18233618233618235
35.0,"ALBERTS, B",5,1.0,0.0,1.0
36.0,"BRAY, D",5,1.0,0.0,1.0
37.0,"LEWIS, J",5,1.0,0.0,1.0
38.0,"RAFF, M",5,1.0,0.0,1.0
39.0,"ROBERTS, K",5,1.0,0.0,1.0
40.0,"WATSON, J",5,1.0,0.0,1.0
41.0,"ALDANA, M",0,0.0,0.0,0.0
42.0,"ALDOUS, D",1,1.0,0.0,0.0
43.0,"PITTEL, B",1,1.0,0.0,0.0
44.0,"ALEKSIEJUK, A",2,5.605820105820106,0.0,1.0
45.0,"HOLYST, J",6,5.595238095238095,1497.0,0.3333333333333333
46.0,"STAUFFER, D",12,4.621693121693122,10575.906103966548,0.12121212121212122
47.0,"ALLARIA, E",3,7.296296296296297,0.0,1.0
48.0,"ARECCHI, F",6,6.304232804232805,1125.0,0.4
49.0,"DIGARBO, A",3,7.296296296296297,0.0,1.0
50.0,"MEUCCI, R",3,7.296296296296297,0.0,1.0
51.0,"ALMAAS, E",9,5.507936507936508,3000.7631528602146,0.25
52.0,"KOVACS, B",4,5.58994708994709,0.0,1.0
53.0,"VICSEK, T",16,5.145502645502646,3950.075974025975,0.3333333333333333
54.0,"OLTVAI, Z",21,5.076719576719577,1131.3473692973673,0.2761904761904762
55.0,"KRAPIVSKY, P",9,5.925925925925926,3051.676078771583,0.2222222222222222
56.0,"REDNER, S",8,5.928571428571429,2674.6760787715857,0.2857142857142857
57.0,"KULKARNI, R",3,6.497354497354498,377.0,0.3333333333333333
58.0,"STROUD, D",2,6.5,0.0,1.0
59.0,"ALON, N",2,1.0,0.0,1.0
60.0,"YUSTER, R",2,1.0,0.0,1.0
61.0,"ZWICK, U",2,1.0,0.0,1.0
62.0,"ALON, U",19,1.3666666666666667,251.63333333333335,0.3157894736842105
63.0,"SURETTE, M",9,1.9333333333333333,18.0,0.6666666666666666
64.0,"BARKAI, N",7,2.0,104.0,0.42857142857142855
65.0,"LEIBER, S",3,2.1333333333333333,0.0,1.0
66.0,"ALTER, O",2,1.0,0.0,1.0
67.0,"BROWN, P",2,1.0,0.0,1.0
68.0,"BOTSTEIN, D",2,1.0,0.0,1.0
69.0,"AMARAL, L",12,4.693121693121693,2988.0367878853253,0.24242424242424243
70.0,"SCALA, A",3,5.277777777777778,0.0,1.0
71.0,"BARTHELEMY, M",11,4.669312169312169,4764.591768688829,0.18181818181818182
72.0,"STANLEY, H",10,4.7063492063492065,5154.066549790079,0.26666666666666666
73.0,"AMENGUAL, A",3,5.053571428571429,0.0,1.0
74.0,"HERNANDEZGARCIA, E",3,5.053571428571429,0.0,1.0
75.0,"MONTAGNE, R",3,5.053571428571429,0.0,1.0
76.0,"SANMIGUEL, M",6,4.107142857142857,159.5,0.3333333333333333
77.0,"ANCELMEYERS, L",3,4.888888888888889,0.0,1.0
78.0,"NEWMAN, M",27,3.8968253968253967,28300.564474216935,0.06267806267806268
79.0,"MARTIN, M",3,4.888888888888889,0.0,1.0
80.0,"SCHRAG, S",3,4.888888888888889,0.0,1.0
81.0,"ANDERSON, C",2,2.142857142857143,0.0,1.0
82.0,"WASSERMAN, S",4,1.4285714285714286,14.0,0.16666666666666666
83.0,"CROUCH, B",2,2.142857142857143,0.0,1.0
84.0,"ANDERSON, P",2,1.0,0.0,1.0
85.0,"ARROW, K",2,1.0,0.0,1.0
86.0,"PINES, D",2,1.0,0.0,1.0
87.0,"ANDERSON, R",2,2.142857142857143,0.0,1.0
88.0,"MAY, R",4,1.4285714285714286,14.0,0.16666666666666666
89.0,"ANDERSSON, H",0,0.0,0.0,0.0
90.0,"ANTAL, T",1,6.923280423280423,0.0,0.0
91.0,"APIC, G",2,1.0,0.0,1.0
92.0,"GOUGH, J",2,1.0,0.0,1.0
93.0,"TEICHMANN, S",2,1.0,0.0,1.0
94.0,"ARENAS, A",9,4.965608465608466,769.2523809523808,0.4722222222222222
95.0,"CABRALES, A",4,5.708994708994709,0.0,1.0
96.0,"DIAZGUILERA, A",15,4.949735449735449,2652.2523809523796,0.20952380952380953
97.0,"GUIMERA, R",11,5.309523809523809,1057.3547619047624,0.32727272727272727
98.0,"VEGAREDONDO, F",4,5.708994708994709,0.0,1.0
99.0,"DANON, L",5,5.7063492063492065,0.25,0.9
100.0,"GLEISER, P",4,5.708994708994709,0.0,1.0
101.0,"ARITA, M",0,0.0,0.0,0.0
102.0,"ASHWIN, P",2,1.0,0.0,1.0
103.0,"BUESCU, J",2,1.0,0.0,1.0
104.0,"STEWART, I",2,1.0,0.0,1.0
105.0,"ATAY, F",2,1.3333333333333333,0.0,1.0
106.0,"JOST, J",3,1.0,2.0,0.3333333333333333
107.0,"WENDE, A",2,1.3333333333333333,0.0,1.0
108.0,"AUMANN, R",1,1.0,0.0,0.0
109.0,"HART, S",1,1.0,0.0,0.0
110.0,"AXELROD, R",0,0.0,0.0,0.0
111.0,"BADER, G",1,1.0,0.0,0.0
112.0,"HOGUE, C",1,1.0,0.0,0.0
113.0,"BAIESI, M",1,10.791005291005291,0.0,0.0
114.0,"PACZUSKI, M",3,9.793650793650794,377.0,0.3333333333333333
115.0,"BAILEY, N",0,0.0,0.0,0.0
116.0,"BAIRD, D",1,1.8,0.0,0.0
117.0,"ULANOWICZ, R",5,1.0,4.0,0.6
118.0,"BAKER, W",3,1.25,3.0,0.3333333333333333
119.0,"FAULKNER, R",1,2.0,0.0,0.0
120.0,"BAK, P",1,5.835978835978836,0.0,0.0
121.0,"SNEPPEN, K",9,4.838624338624339,2267.2142857142853,0.19444444444444445
122.0,"BALL, F",2,1.0,0.0,1.0
123.0,"MOLLISON, D",2,1.0,0.0,1.0
124.0,"SCALIATOMBA, G",2,1.0,0.0,1.0
125.0,"BALL, P",0,0.0,0.0,0.0
126.0,"BANAVAR, J",6,6.253968253968254,2.0,0.7333333333333333
127.0,"MARITAN, A",12,5.26984126984127,3336.5,0.30303030303030304
128.0,"RINALDO, A",5,6.256613756613756,1.5,0.7
129.0,"BANKS, D",1,1.0,0.0,0.0
130.0,"CARLEY, K",1,1.0,0.0,0.0
131.0,"BIANCONI, G",4,4.497354497354498,12460.579249671895,0.5
132.0,"RAVASZ, E",10,5.23015873015873,104.41868131868132,0.7333333333333333
133.0,"NEDA, Z",8,5.235449735449736,0.0,1.0
134.0,"SCHUBERT, A",8,5.235449735449736,0.0,1.0
135.0,"BARAHONA, M",1,7.2936507936507935,0.0,0.0
136.0,"PECORA, L",7,6.296296296296297,1870.0,0.23809523809523808
137.0,"BARBOUR, A",1,1.0,0.0,0.0
138.0,"REINERT, G",1,1.0,0.0,0.0
139.0,"BARJOSEPH, Z",9,1.0,0.0,1.0
140.0,"GERBER, G",9,1.0,0.0,1.0
141.0,"LEE, T",9,1.0,0.0,1.0
142.0,"RINALDI, N",9,1.0,0.0,1.0
143.0,"YOO, J",9,1.0,0.0,1.0
144.0,"ROBERT, F",9,1.0,0.0,1.0
145.0,"GORDON, D",9,1.0,0.0,1.0
146.0,"FRAENKEL, E",9,1.0,0.0,1.0
147.0,"JAAKKOLA, T",9,1.0,0.0,1.0
148.0,"YOUNG, R",9,1.0,0.0,1.0
149.0,"BARRAT, A",4,4.91005291005291,170.95135387488332,0.5
150.0,"PASTORSATORRAS, R",15,4.0476190476190474,24592.767656036725,0.17142857142857143
151.0,"VESPIGNANI, A",14,4.335978835978836,11143.696397230226,0.1978021978021978
152.0,"WEIGT, M",2,5.6798941798941796,1.0666666666666667,0.0
153.0,"BARRETO, E",3,1.0,0.0,1.0
154.0,"SO, P",3,1.0,0.0,1.0
155.0,"GLUCKMANN, B",3,1.0,0.0,1.0
156.0,"SCHIFF, S",3,1.0,0.0,1.0
157.0,"GONDRAN, B",2,5.664021164021164,0.0,1.0
158.0,"GUICHARD, E",2,5.664021164021164,0.0,1.0
159.0,"BARYAM, Y",0,0.0,0.0,0.0
160.0,"BATAGELJ, V",1,1.0,0.0,0.0
161.0,"MRVAR, A",1,1.0,0.0,0.0
162.0,"BATTISTON, S",5,5.275132275132275,377.0,0.6
163.0,"CATANZARO, M",1,6.272486772486772,0.0,0.0
164.0,"BATTY, M",1,1.0,0.0,0.0
165.0,"LONGLEY, P",1,1.0,0.0,0.0
166.0,"BAUER, M",2,1.0,1.0,0.0
167.0,"BERNARD, D",1,1.5,0.0,0.0
168.0,"BAVELAS, A",0,0.0,0.0,0.0
169.0,"BCHKLOVSKII, D",2,1.3333333333333333,0.0,1.0
170.0,"SCHIKORSKI, T",2,1.3333333333333333,0.0,1.0
171.0,"STEVENS, C",3,1.0,2.0,0.3333333333333333
172.0,"BEARMAN, P",2,1.0,0.0,1.0
173.0,"MOODY, J",2,1.0,0.0,1.0
174.0,"STOVEL, K",2,1.0,0.0,1.0
175.0,"BEKESSY, A",2,1.3333333333333333,0.0,1.0
176.0,"BEKESSY, P",2,1.3333333333333333,0.0,1.0
177.0,"KOMLOS, J",3,1.0,2.0,0.3333333333333333
178.0,"BELL, H",0,0.0,0.0,0.0
179.0,"BELYKH, I",2,1.0,0.0,1.0
180.0,"BELYKH, V",2,1.0,0.0,1.0
181.0,"HASLER, M",2,1.0,0.0,1.0
182.0,"BENDER, E",1,1.0,0.0,0.0
183.0,"CANFIELD, E",1,1.0,0.0,0.0
184.0,"BENNAIM, E",4,6.873015873015873,3321.0,0.3333333333333333
185.0,"FRAUENFELDER, H",2,7.849206349206349,0.0,1.0
186.0,"TOROCZKAI, Z",6,7.830687830687831,2597.0,0.4666666666666667
187.0,"BERG, J",2,1.6,0.0,1.0
188.0,"LASSIG, M",2,1.6,0.0,1.0
189.0,"WAGNER, A",5,1.0,6.0,0.4
190.0,"BERLOW, E",4,5.677248677248677,0.0,1.0
191.0,"BERNARDES, A",4,5.58994708994709,9.0,0.6666666666666666
192.0,"COSTA, U",3,5.613756613756614,0.0,1.0
193.0,"ARAUJO, A",3,5.613756613756614,0.0,1.0
194.0,"KERTESZ, J",10,5.574074074074074,2974.666666666667,0.24444444444444444
195.0,"BERNARD, H",4,1.0,0.0,1.0
196.0,"KILLWORTH, P",4,1.0,0.0,1.0
197.0,"EVANS, M",4,1.0,0.0,1.0
198.0,"MCCARTY, C",4,1.0,0.0,1.0
199.0,"SHELLEY, G",4,1.0,0.0,1.0
200.0,"BHAN, A",2,2.0,0.0,1.0
201.0,"GALAS, D",4,1.3333333333333333,2.0,0.6666666666666666
202.0,"DEWEY, T",4,1.3333333333333333,2.0,0.6666666666666666
203.0,"CAPOCCI, A",6,4.616402116402116,12446.912583005222,0.4
204.0,"BIGGS, N",0,0.0,0.0,0.0
205.0,"BILKE, S",1,1.0,0.0,0.0
206.0,"PETERSON, C",1,1.0,0.0,0.0
207.0,"BLANCHARD, P",4,1.0,4.0,0.3333333333333333
208.0,"CHANG, C",2,1.5,0.0,1.0
209.0,"KRUGER, T",2,1.5,0.0,1.0
210.0,"BLASIUS, B",2,1.0,0.0,1.0
211.0,"HUPPERT, A",2,1.0,0.0,1.0
212.0,"STONE, L",2,1.0,0.0,1.0
213.0,"BLOWER, S",2,1.0,0.0,1.0
214.0,"SAMUEL, M",2,1.0,0.0,1.0
215.0,"WILEY, J",2,1.0,0.0,1.0
216.0,"BOCCALETTI, S",19,5.328042328042328,18200.000000000004,0.18128654970760233
217.0,"BRAGARD, J",5,6.306878306878307,2.6666666666666665,0.8
218.0,"MANCINI, H",9,6.211640211640212,122.50000000000014,0.4444444444444444
219.0,"KURTHS, J",18,6.142857142857143,8911.833333333332,0.2679738562091503
220.0,"VALLADARES, D",6,6.227513227513228,1.3333333333333333,0.7333333333333333
221.0,"OSIPOV, G",6,6.21957671957672,850.4166666666666,0.6
222.0,"ZHOU, C",5,6.208994708994709,1530.7500000000002,0.7
223.0,"PELAEZ, A",2,6.309523809523809,0.0,1.0
224.0,"MAZA, D",5,6.23015873015873,10.16666666666666,0.8
225.0,"BOGUNA, M",6,4.767195767195767,619.7523809523807,0.6
226.0,"BOHLAND, J",1,1.5,0.0,0.0
227.0,"MINAI, A",2,1.0,1.0,0.0
228.0,"BOLLOBAS, B",3,1.0,0.0,1.0
229.0,"RIORDAN, O",3,1.0,0.0,1.0
230.0,"SPENCER, J",3,1.0,0.0,1.0
231.0,"TUSNADY, G",3,1.0,0.0,1.0
232.0,"BONACICH, P",0,0.0,0.0,0.0
233.0,"BONANNO, G",2,6.6878306878306875,0.0,1.0
234.0,"LILLO, F",2,6.6878306878306875,0.0,1.0
235.0,"MANTEGNA, R",3,5.693121693121693,752.0,0.3333333333333333
236.0,"BONNEKOH, J",0,0.0,0.0,0.0
237.0,"BORDENS, M",1,1.0,0.0,0.0
238.0,"GOMEZ, I",1,1.0,0.0,0.0
239.0,"BORGATTI, S",6,1.0,9.0,0.4
240.0,"EVERETT, M",1,1.8333333333333333,0.0,0.0
241.0,"FOSTER, P",1,1.8333333333333333,0.0,0.0
242.0,"BORGERS, C",1,1.8,0.0,0.0
243.0,"KOPELL, N",5,1.0,4.0,0.6
244.0,"BORNHOLDT, S",6,1.8461538461538463,47.5,0.13333333333333333
245.0,"EBEL, H",3,2.6153846153846154,0.5,0.6666666666666666
246.0,"ROHLF, T",1,2.769230769230769,0.0,0.0
247.0,"SCHUSTER, H",4,1.6923076923076923,42.0,0.5
248.0,"BOTA, M",2,1.0,0.0,1.0
249.0,"DONG, H",2,1.0,0.0,1.0
250.0,"SWANSON, L",2,1.0,0.0,1.0
251.0,"MENDOZA, C",4,6.317460317460317,0.0,1.0
252.0,"HENTSCHEL, H",7,6.309523809523809,4.5,0.5714285714285714
253.0,"BRANDES, U",0,0.0,0.0,0.0
254.0,"BREIGER, R",3,2.4074074074074074,12.5,0.6666666666666666
255.0,"BOORMAN, S",3,2.4074074074074074,12.5,0.6666666666666666
256.0,"ARABIE, P",2,3.3333333333333335,0.0,1.0
257.0,"BRESSLER, S",0,0.0,0.0,0.0
258.0,"BRIN, S",3,1.0,0.0,1.0
259.0,"PAGE, L",3,1.0,0.0,1.0
260.0,"BROADBENT, S",1,1.0,0.0,0.0
261.0,"HAMMERSLEY, J",1,1.0,0.0,0.0
262.0,"BRODER, A",7,6.722222222222222,0.0,1.0
263.0,"KUMAR, R",9,6.716931216931217,2.0,0.7777777777777778
264.0,"MAGHOUL, F",7,6.722222222222222,0.0,1.0
265.0,"RAGHAVAN, P",11,5.7407407407407405,862.9999999999945,0.6
266.0,"RAJAGOPALAN, S",11,5.7407407407407405,862.9999999999945,0.6
267.0,"STATA, R",7,6.722222222222222,0.0,1.0
268.0,"TOMKINS, A",11,5.7407407407407405,862.9999999999945,0.6
269.0,"WIENER, J",7,6.722222222222222,0.0,1.0
270.0,"BROIDA, A",1,1.0,0.0,0.0
271.0,"CLAFFY, K",1,1.0,0.0,0.0
272.0,"BUCHANAN, M",0,0.0,0.0,0.0
273.0,"BUCHEL, C",2,1.6,0.0,1.0
274.0,"COULL, J",2,1.6,0.0,1.0
275.0,"FRISTON, K",5,1.0,6.0,0.4
276.0,"BUCOLO, M",2,7.526455026455026,0.0,1.0
277.0,"FORTUNA, L",8,6.531746031746032,312.66666666666777,0.6428571428571429
278.0,"LAROSA, M",8,6.531746031746032,312.66666666666777,0.6428571428571429
279.0,"BUHL, J",6,4.997354497354498,0.0,1.0
280.0,"GAUTRAIS, J",6,4.997354497354498,0.0,1.0
281.0,"SOLE, R",17,4.015873015873016,19249.90431741462,0.16911764705882354
282.0,"KUNTZ, P",7,4.994708994708994,377.0,0.7142857142857143
283.0,"VALVERDE, S",8,4.992063492063492,6.5,0.6071428571428571
284.0,"DENEUBOURG, J",6,4.997354497354498,0.0,1.0
285.0,"THERAULAZ, G",6,4.997354497354498,0.0,1.0
286.0,"BURDA, Z",3,1.0,0.5,0.6666666666666666
287.0,"CORREIA, J",2,1.3333333333333333,0.0,1.0
288.0,"KRZYWICKI, A",3,1.0,0.5,0.6666666666666666
289.0,"JURKIEWICZ, J",2,1.3333333333333333,0.0,1.0
290.0,"BURIONI, R",2,1.0,0.0,1.0
291.0,"CASSI, D",2,1.0,0.0,1.0
292.0,"VEZZANI, A",2,1.0,0.0,1.0
293.0,"BURNS, G",9,2.8392857142857144,17.083333333333336,0.6666666666666666
294.0,"YOUNG, M",20,2.607142857142857,539.75,0.21578947368421053
295.0,"BURT, R",0,0.0,0.0,0.0
296.0,"BUZSAKI, G",4,2.090909090909091,10.0,0.5
297.0,"CHROBAK, J",1,3.0,0.0,0.0
298.0,"GEISLER, C",3,2.1818181818181817,0.0,1.0
299.0,"HENZE, D",3,2.1818181818181817,0.0,1.0
300.0,"WANG, X",5,1.5454545454545454,34.0,0.3
301.0,"CALDARELLI, G",12,4.2936507936507935,15786.012583005195,0.22727272727272727
302.0,"DELOSRIOS, P",5,4.947089947089947,439.63333333333327,0.4
303.0,"MUNOZ, M",7,4.939153439153439,1869.0,0.2857142857142857
304.0,"COCCETTI, F",2,5.285714285714286,0.0,1.0
305.0,"CALLAWAY, D",5,4.825396825396825,15.833333333333327,0.8
306.0,"HOPCROFT, J",4,4.833333333333333,0.0,1.0
307.0,"KLEINBERG, J",9,4.788359788359788,6203.0,0.3333333333333333
308.0,"STROGATZ, S",8,4.817460317460317,1142.8333333333333,0.32142857142857145
309.0,"WATTS, D",7,4.857142857142857,408.1666666666667,0.3333333333333333
310.0,"CAMACHO, J",2,5.650793650793651,0.0,1.0
311.0,"CAMPBELL, N",1,1.0,0.0,0.0
312.0,"REECE, J",1,1.0,0.0,0.0
313.0,"CAMPBELL, S",2,1.3333333333333333,0.0,1.0
314.0,"WANG, D",3,1.0,2.0,0.3333333333333333
315.0,"JAYAPRAKASH, C",2,1.3333333333333333,0.0,1.0
316.0,"SERVEDIO, V",6,4.955026455026455,300.6666666666667,0.6
317.0,"COLAIORI, F",3,4.968253968253968,0.0,1.0
318.0,"CARLSON, J",1,1.5,0.0,0.0
319.0,"DOYLE, J",2,1.0,1.0,0.0
320.0,"CARRERAS, B",6,1.0,5.0,0.4666666666666667
321.0,"LYNCH, V",4,1.3333333333333333,1.0,0.6666666666666666
322.0,"DOBSON, I",3,1.5,0.0,1.0
323.0,"NEWMAN, D",5,1.1666666666666667,2.0,0.6
324.0,"DOLROU, I",3,1.5,0.0,1.0
325.0,"POOLE, A",3,1.5,0.0,1.0
326.0,"CARUSO, F",3,6.195767195767195,0.0,1.0
327.0,"LATORA, V",15,5.256613756613756,4601.692492251475,0.2571428571428571
328.0,"RAPISARDA, A",6,6.166666666666667,80.48571428571431,0.4666666666666667
329.0,"TADIC, B",5,6.116402116402116,1004.3340062929825,0.4
330.0,"CASTELLANO, C",6,5.309523809523809,1496.0,0.4666666666666667
331.0,"VILONE, D",2,5.3201058201058204,0.0,1.0
332.0,"CATANIA, J",3,1.0,0.0,1.0
333.0,"COATES, T",3,1.0,0.0,1.0
334.0,"KEGELS, S",3,1.0,0.0,1.0
335.0,"FULLILOVE, M",3,1.0,0.0,1.0
336.0,"CHALLET, D",1,2.4166666666666665,0.0,0.0
337.0,"ZHANG, Y",6,1.5,11.0,0.6666666666666666
338.0,"CHAN, D",3,1.0,0.0,1.0
339.0,"HUGHES, B",3,1.0,0.0,1.0
340.0,"LEONG, A",3,1.0,0.0,1.0
341.0,"REED, W",3,1.0,0.0,1.0
342.0,"CHATE, H",3,8.071428571428571,377.0,0.3333333333333333
343.0,"PIKOVSKY, A",10,7.082010582010582,1129.6666666666665,0.5333333333333333
344.0,"RUDZICK, O",2,8.074074074074074,0.0,1.0
345.0,"CHAVEZ, M",4,6.317460317460317,0.0,1.0
346.0,"HWANG, D",6,5.468253968253968,481.5,0.6
347.0,"AMANN, A",4,6.317460317460317,0.0,1.0
348.0,"CHEN, Q",5,1.1666666666666667,0.0,1.0
349.0,"CHANG, H",5,1.1666666666666667,0.0,1.0
350.0,"GOVINDAN, R",6,1.0,5.0,0.6666666666666666
351.0,"JAMIN, S",5,1.1666666666666667,0.0,1.0
352.0,"SHENKER, S",5,1.1666666666666667,0.0,1.0
353.0,"WILLINGER, W",5,1.1666666666666667,0.0,1.0
354.0,"CHEN, Y",2,1.0,0.0,1.0
355.0,"RANGARAJAN, G",2,1.0,0.0,1.0
356.0,"DING, M",2,1.0,0.0,1.0
357.0,"CHERNIAK, C",4,1.0,1.0,0.6666666666666666
358.0,"CHANGIZI, M",4,1.0,1.0,0.6666666666666666
359.0,"KANG, D",2,1.5,0.0,1.0
360.0,"MOKHTARZADA, Z",3,1.25,0.0,1.0
361.0,"RODRIGUEZESTEBAN, R",3,1.25,0.0,1.0
362.0,"CHKLOVSKII, D",12,1.7333333333333334,175.0,0.25757575757575757
363.0,"KOULAKOV, A",1,2.7,0.0,0.0
364.0,"MEL, B",2,2.6666666666666665,0.0,1.0
365.0,"SVOBODA, K",2,2.6666666666666665,0.0,1.0
366.0,"CHOWELL, G",2,1.0,0.0,1.0
367.0,"HYMAN, J",2,1.0,0.0,1.0
368.0,"EUBANK, S",2,1.0,0.0,1.0
369.0,"VU, V",2,1.8333333333333333,0.0,1.0
370.0,"CLAUSET, A",2,4.886243386243386,0.0,1.0
371.0,"MOORE, C",6,4.87037037037037,754.8333333333334,0.26666666666666666
372.0,"COHEN, J",2,1.0,0.0,1.0
373.0,"BRIAND, F",2,1.0,0.0,1.0
374.0,"NEWMAN, C",2,1.0,0.0,1.0
375.0,"COHEN, R",6,5.661375661375661,248.33333333333465,0.6666666666666666
376.0,"BENAVRAHAM, D",6,5.661375661375661,248.33333333333465,0.6666666666666666
377.0,"HAVLIN, S",8,5.656084656084656,1000.3333333333321,0.39285714285714285
378.0,"EREZ, K",3,6.648148148148148,0.0,1.0
379.0,"CONNOR, R",2,1.0,0.0,1.0
380.0,"HEITHAUS, M",2,1.0,0.0,1.0
381.0,"BARRE, L",2,1.0,0.0,1.0
382.0,"COPPERSMITH, S",2,1.0,0.0,1.0
383.0,"KADANOFF, L",2,1.0,0.0,1.0
384.0,"ZHANG, Z",2,1.0,0.0,1.0
385.0,"CORDES, D",7,1.0,0.0,1.0
386.0,"HAUGHTON, V",7,1.0,0.0,1.0
387.0,"ARFANAKIS, K",7,1.0,0.0,1.0
388.0,"CAREW, J",7,1.0,0.0,1.0
389.0,"TURSKI, P",7,1.0,0.0,1.0
390.0,"MORITZ, C",7,1.0,0.0,1.0
391.0,"QUIGLEY, M",7,1.0,0.0,1.0
392.0,"MEYERAND, M",7,1.0,0.0,1.0
393.0,"CORMAN, S",3,1.0,0.0,1.0
394.0,"KUHN, T",3,1.0,0.0,1.0
395.0,"MCPHEE, R",3,1.0,0.0,1.0
396.0,"DOOLEY, K",3,1.0,0.0,1.0
397.0,"CORMEN, T",3,1.0,0.0,1.0
398.0,"LEISERSON, C",3,1.0,0.0,1.0
399.0,"RIVEST, R",3,1.0,0.0,1.0
400.0,"STEIN, C",3,1.0,0.0,1.0
401.0,"COSENZA, S",6,6.537037037037037,0.0,1.0
402.0,"CRUCITTI, P",12,5.558201058201059,3238.3389499389496,0.3333333333333333
403.0,"FRASCA, M",7,6.534391534391534,124.66666666666762,0.8095238095238095
404.0,"STAGNI, C",6,6.537037037037037,0.0,1.0
405.0,"USAI, L",6,6.537037037037037,0.0,1.0
406.0,"COULUMB, S",1,1.5,0.0,0.0
407.0,"CRANE, D",0,0.0,0.0,0.0
408.0,"CRIADO, R",5,1.0,0.6666666666666666,0.8
409.0,"FLORES, J",4,1.2,0.0,1.0
410.0,"HERNANDEZBERMEJO, B",5,1.0,0.6666666666666666,0.8
411.0,"PELLO, J",4,1.2,0.0,1.0
412.0,"ROMANCE, M",5,1.0,0.6666666666666666,0.8
413.0,"GARCIADELAMO, A",3,1.4,0.0,1.0
414.0,"CRICK, F",1,2.769230769230769,0.0,0.0
415.0,"KOCH, C",7,1.8461538461538463,41.0,0.19047619047619047
416.0,"MARCHIORI, M",9,5.703703703703703,760.9214285714286,0.5277777777777778
417.0,"PORTA, S",2,6.23015873015873,0.0,1.0
418.0,"CSANYI, G",1,1.0,0.0,0.0
419.0,"SZENDROI, B",1,1.0,0.0,0.0
420.0,"CSERMELY, P",0,0.0,0.0,0.0
421.0,"CSETE, M",1,1.5,0.0,0.0
422.0,"CUNHA, C",2,1.0,0.0,1.0
423.0,"BESTAVROS, A",2,1.0,0.0,1.0
424.0,"CROVELLA, M",2,1.0,0.0,1.0
425.0,"CVETKOVIC, D",2,1.0,0.0,1.0
426.0,"DOOB, M",2,1.0,0.0,1.0
427.0,"SACHS, H",2,1.0,0.0,1.0
428.0,"DAFONTOURACOSTA, L",4,5.608465608465608,377.0,0.5
429.0,"DIAMBRA, L",1,6.605820105820106,0.0,0.0
430.0,"DALEY, D",2,1.0,1.0,0.0
431.0,"GANI, J",1,1.5,0.0,0.0
432.0,"KENDALL, D",1,1.5,0.0,0.0
433.0,"DALL, J",1,1.0,0.0,0.0
434.0,"CHRISTENSEN, M",1,1.0,0.0,0.0
435.0,"DAVIDSEN, J",2,2.6923076923076925,0.0,1.0
436.0,"DAVIS, A",2,1.0,0.0,1.0
437.0,"GARDNER, B",2,1.0,0.0,1.0
438.0,"GARDNER, M",2,1.0,0.0,1.0
439.0,"DAVIS, G",3,1.25,3.0,0.3333333333333333
440.0,"GREVE, H",1,2.0,0.0,0.0
441.0,"YOO, M",2,1.5,0.0,1.0
442.0,"DEARCANGELIS, L",1,6.661375661375661,0.0,0.0
443.0,"HERRMANN, H",6,5.664021164021164,2608.0,0.13333333333333333
444.0,"DECASTRO, R",1,1.5,0.0,0.0
445.0,"GROSSMAN, J",2,1.0,1.0,0.0
446.0,"DEFFUANT, G",3,1.0,0.0,1.0
447.0,"NEAU, D",3,1.0,0.0,1.0
448.0,"AMBLARD, F",3,1.0,0.0,1.0
449.0,"WEISBUCH, G",3,1.0,0.0,1.0
450.0,"DEFRAYSSEIX, H",1,5.992063492063492,0.0,0.0
451.0,"DEGROOT, M",0,0.0,0.0,0.0
452.0,"DELIMAESILVA, D",7,1.0,0.0,1.0
453.0,"MEDEIROSSOARES, M",7,1.0,0.0,1.0
454.0,"HENRIQUES, M",7,1.0,0.0,1.0
455.0,"SCHIVANIALVES, M",7,1.0,0.0,1.0
456.0,"DEAGUILAR, S",7,1.0,0.0,1.0
457.0,"DECARVALHO, T",7,1.0,0.0,1.0
458.0,"CORSO, G",7,1.0,0.0,1.0
459.0,"LUCENA, L",7,1.0,0.0,1.0
460.0,"DELUCIA, M",3,6.261904761904762,0.0,1.0
461.0,"BOTTACCIO, M",3,6.261904761904762,0.0,1.0
462.0,"MONTUORI, M",3,6.261904761904762,0.0,1.0
463.0,"PIETRONERO, L",5,5.26984126984127,1125.0,0.4
464.0,"DEMENEZES, M",3,5.674603174603175,752.0,0.3333333333333333
465.0,"MOUKARZEL, C",2,6.669312169312169,0.0,1.0
466.0,"PENNA, T",2,6.669312169312169,0.0,1.0
467.0,"DEMERS, A",4,1.0,0.0,1.0
468.0,"GREENE, D",4,1.0,0.0,1.0
469.0,"HAUSER, C",4,1.0,0.0,1.0
470.0,"IRISH, W",4,1.0,0.0,1.0
471.0,"LARSON, J",4,1.0,0.0,1.0
472.0,"DEMOURA, A",4,8.079365079365079,1.8333333333333333,0.6666666666666666
473.0,"MOTTER, A",8,7.095238095238095,2966.166666666667,0.2857142857142857
474.0,"GREBOGI, C",2,8.08994708994709,0.0,1.0
475.0,"DERRIDA, B",3,1.25,3.0,0.3333333333333333
476.0,"FLYVBJERG, H",1,2.0,0.0,0.0
477.0,"GARDNER, E",2,1.5,0.0,1.0
478.0,"ZIPPELIUS, A",3,1.25,3.0,0.3333333333333333
479.0,"DESHAZER, D",3,1.7692307692307692,0.0,1.0
480.0,"BREBAN, R",3,1.7692307692307692,0.0,1.0
481.0,"OTT, E",7,1.4615384615384615,40.0,0.23809523809523808
482.0,"ROY, R",9,1.3076923076923077,51.0,0.25
483.0,"DESTEXHE, A",1,1.0,0.0,0.0
484.0,"MARDER, E",1,1.0,0.0,0.0
485.0,"DEZSO, Z",1,5.685185185185185,0.0,0.0
486.0,"DIEKMANN, O",1,1.0,0.0,0.0
487.0,"HEESTERBEEK, J",1,1.0,0.0,0.0
488.0,"DOBRIN, R",3,5.6798941798941796,0.0,1.0
489.0,"BEG, Q",3,5.6798941798941796,0.0,1.0
490.0,"DODDS, P",5,4.875661375661376,733.3333333333334,0.3
491.0,"MUHAMAD, R",2,5.849206349206349,0.0,1.0
492.0,"ROTHMAN, D",1,5.873015873015873,0.0,0.0
493.0,"SABEL, C",2,5.849206349206349,0.0,1.0
494.0,"DODEL, S",2,1.6666666666666667,0.0,1.0
495.0,"HERRMANN, J",2,1.6666666666666667,0.0,1.0
496.0,"GEISEL, T",6,1.0,12.0,0.2
497.0,"DONATH, W",1,1.0,0.0,0.0
498.0,"HOFFMAN, A",1,1.0,0.0,0.0
499.0,"DONETTI, L",1,5.936507936507937,0.0,0.0
500.0,"DOROGOVTSEV, S",5,5.026455026455026,1125.5,0.3
501.0,"GOLTSEV, A",2,6.021164021164021,0.0,1.0
502.0,"MENDES, J",3,6.018518518518518,0.5,0.6666666666666666
503.0,"SAMUKHIN, A",2,6.021164021164021,0.0,1.0
504.0,"DOYE, J",0,0.0,0.0,0.0
505.0,"DU, D",1,1.0,0.0,0.0
506.0,"GU, J",1,1.0,0.0,0.0
507.0,"DUNNE, J",4,5.677248677248677,0.0,1.0
508.0,"WILLIAMS, R",4,5.677248677248677,0.0,1.0
509.0,"MARTINEZ, N",4,5.677248677248677,0.0,1.0
510.0,"DURRETT, R",0,0.0,0.0,0.0
511.0,"EAMES, K",1,1.0,0.0,0.0
512.0,"KEELING, M",1,1.0,0.0,0.0
513.0,"MIELSCH, L",2,2.6923076923076925,0.0,1.0
514.0,"ECHENIQUE, P",3,5.584656084656085,0.0,1.0
515.0,"GOMEZGARDENES, J",4,5.582010582010582,6.333333333333336,0.6666666666666666
516.0,"MORENO, Y",14,4.632275132275132,20379.78598901096,0.18681318681318682
517.0,"VAZQUEZ, A",12,4.761904761904762,2129.7522175536883,0.22727272727272727
518.0,"ECKMANN, J",1,1.0,0.0,0.0
519.0,"MOSES, E",1,1.0,0.0,0.0
520.0,"EGGHE, L",1,1.0,0.0,0.0
521.0,"ROUSSEAU, R",1,1.0,0.0,0.0
522.0,"EGUILUZ, V",8,3.267857142857143,349.5,0.2857142857142857
523.0,"CHIALVO, D",7,2.607142857142857,528.0,0.42857142857142855
524.0,"CECCHI, G",5,3.375,55.0,0.6
525.0,"BALIKI, M",4,3.392857142857143,0.0,1.0
526.0,"APKARIAN, A",4,3.392857142857143,0.0,1.0
527.0,"KLEMM, K",1,4.25,0.0,0.0
528.0,"EIGEN, M",1,1.0,0.0,0.0
529.0,"SCHUSTER, P",1,1.0,0.0,0.0
530.0,"EISENBERG, D",6,1.0,0.9999999999999999,0.8
531.0,"MARCOTTE, E",6,1.0,0.9999999999999999,0.8
532.0,"XENARIOS, I",6,1.0,0.9999999999999999,0.8
533.0,"YEATES, T",3,1.5,0.0,1.0
534.0,"EISENBERG, E",1,1.0,0.0,0.0
535.0,"LEVANON, E",1,1.0,0.0,0.0
536.0,"ELDAR, A",0,0.0,0.0,0.0
537.0,"ENGEL, A",7,1.0,13.0,0.3333333333333333
538.0,"FRIES, P",2,1.7142857142857142,0.0,1.0
539.0,"SINGER, W",4,1.4285714285714286,1.0,0.6666666666666666
540.0,"MOLL, C",3,1.5714285714285714,0.0,1.0
541.0,"FRIED, I",3,1.5714285714285714,0.0,1.0
542.0,"OJEMANN, G",3,1.5714285714285714,0.0,1.0
543.0,"ENNIS, J",0,0.0,0.0,0.0
544.0,"ERDOS, P",1,1.0,0.0,0.0
545.0,"RENYI, A",1,1.0,0.0,0.0
546.0,"ERGUN, G",1,7.645502645502646,0.0,0.0
547.0,"RODGERS, G",6,6.648148148148148,1318.9030303030304,0.13333333333333333
548.0,"ERIKSEN, K",3,5.830687830687831,0.0,1.0
549.0,"SIMONSEN, I",3,5.830687830687831,0.0,1.0
550.0,"MASLOV, S",4,5.828042328042328,1.0,0.6666666666666666
551.0,"EVERITT, B",0,0.0,0.0,0.0
552.0,"FABRIKANT, A",2,1.0,0.0,1.0
553.0,"KOUTSOUPIAS, E",2,1.0,0.0,1.0
554.0,"PAPADIMITRIOU, C",2,1.0,0.0,1.0
555.0,"FALCONER, K",0,0.0,0.0,0.0
556.0,"FALOUTSOS, M",2,1.0,0.0,1.0
557.0,"FALOUTSOS, P",2,1.0,0.0,1.0
558.0,"FALOUTSOS, C",2,1.0,0.0,1.0
559.0,"FARARO, T",1,1.0,0.0,0.0
560.0,"SUNSHINE, M",1,1.0,0.0,0.0
561.0,"FARKAS, I",8,5.235449735449736,0.0,1.0
562.0,"DERENYI, I",8,5.235449735449736,0.0,1.0
563.0,"FAUST, K",4,1.4285714285714286,12.0,0.5
564.0,"WILLERT, K",3,2.0,0.0,1.0
565.0,"ROWLEE, D",3,2.0,0.0,1.0
566.0,"SKVORETZ, J",3,2.0,0.0,1.0
567.0,"FELL, D",3,1.4,0.0,1.0
568.0,"FELLEMAN, D",1,1.0,0.0,0.0
569.0,"VANESSEN, D",1,1.0,0.0,0.0
570.0,"FEMAT, R",1,1.0,0.0,0.0
571.0,"SOLISPERALES, G",1,1.0,0.0,0.0
572.0,"FERGUSON, N",1,1.0,0.0,0.0
573.0,"GARNETT, G",1,1.0,0.0,0.0
574.0,"FERRERICANCHO, R",4,5.005291005291006,1.5,0.5
575.0,"JANSSEN, C",2,5.01058201058201,0.0,1.0
576.0,"KOHLER, R",2,5.01058201058201,0.0,1.0
577.0,"FIDUCCIA, C",1,1.0,0.0,0.0
578.0,"MATTHEYSES, R",1,1.0,0.0,0.0
579.0,"FIEDLER, M",0,0.0,0.0,0.0
580.0,"FILATRELLA, G",2,1.0,0.0,1.0
581.0,"STRAUGHN, B",2,1.0,0.0,1.0
582.0,"BARBARA, P",2,1.0,0.0,1.0
583.0,"FINGELKURTS, A",1,1.0,0.0,0.0
584.0,"KAHKONEN, S",1,1.0,0.0,0.0
585.0,"FINK, K",3,7.288359788359788,0.0,1.0
586.0,"JOHNSON, G",3,7.288359788359788,0.0,1.0
587.0,"CARROLL, T",4,7.285714285714286,1.0,0.6666666666666666
588.0,"FITZHUGH, R",0,0.0,0.0,0.0
589.0,"FLAKE, G",5,6.746031746031746,0.6666666666666666,0.8
590.0,"LAWRENCE, S",6,5.7592592592592595,1865.6666666666667,0.5333333333333333
591.0,"GILES, C",5,6.746031746031746,0.6666666666666666,0.8
592.0,"COETZEE, F",3,6.751322751322752,0.0,1.0
593.0,"FONTES, L",1,1.0,0.0,0.0
594.0,"SCHONMANN, R",1,1.0,0.0,0.0
595.0,"SPATA, A",3,7.523809523809524,0.0,1.0
596.0,"FORTUNATO, S",3,5.103174603174603,3249.6061039665524,0.3333333333333333
597.0,"FOSTER, I",3,1.0,2.0,0.3333333333333333
598.0,"KESSELMAN, C",1,1.6666666666666667,0.0,0.0
599.0,"FOX, J",1,1.0,0.0,0.0
600.0,"HILL, C",1,1.0,0.0,0.0
601.0,"FRANK, L",0,0.0,0.0,0.0
602.0,"FRANK, O",1,1.0,0.0,0.0
603.0,"STRAUSS, D",1,1.0,0.0,0.0
604.0,"FREEMAN, L",0,0.0,0.0,0.0
605.0,"FRENCH, J",0,0.0,0.0,0.0
606.0,"FRITH, C",3,1.4,0.0,1.0
607.0,"LIDDLE, P",3,1.4,0.0,1.0
608.0,"FRACKOWIAK, R",3,1.4,0.0,1.0
609.0,"FRONCZAK, A",4,6.584656084656085,1.0,0.6666666666666666
610.0,"FRONCZAK, P",2,6.58994708994709,0.0,1.0
611.0,"JEDYNAK, M",3,6.587301587301587,0.0,1.0
612.0,"SIENKIEWICZ, J",3,6.587301587301587,0.0,1.0
613.0,"FU, C",0,0.0,0.0,0.0
614.0,"FUJISAKA, H",1,1.0,0.0,0.0
615.0,"YAMADA, T",1,1.0,0.0,0.0
616.0,"GADE, P",1,1.0,0.0,0.0
617.0,"HU, C",1,1.0,0.0,0.0
618.0,"GAFIYCHUK, V",2,1.0,0.0,1.0
619.0,"LUBASHEVSKY, I",2,1.0,0.0,1.0
620.0,"STOSYK, A",2,1.0,0.0,1.0
621.0,"GALASKIEWICZ, J",1,1.0,0.0,0.0
622.0,"MARSDEN, P",1,1.0,0.0,0.0
623.0,"GALSTYAN, A",1,1.0,0.0,0.0
624.0,"LERMAN, K",1,1.0,0.0,0.0
625.0,"GAMMAITONI, L",3,1.0,0.0,1.0
626.0,"HANGGI, P",3,1.0,0.0,1.0
627.0,"JUNG, P",3,1.0,0.0,1.0
628.0,"MARCHESONI, F",3,1.0,0.0,1.0
629.0,"GAO, Z",2,1.9166666666666667,0.0,1.0
630.0,"HU, B",3,1.8333333333333333,0.5,0.6666666666666666
631.0,"HU, G",11,1.0833333333333333,46.0,0.2545454545454545
632.0,"GAREY, M",1,1.0,0.0,0.0
633.0,"JOHNSON, D",1,1.0,0.0,0.0
634.0,"GARFIELD, E",0,0.0,0.0,0.0
635.0,"GARFINKEL, I",2,1.0,0.0,1.0
636.0,"GLEI, D",2,1.0,0.0,1.0
637.0,"MCLANAHAN, S",2,1.0,0.0,1.0
638.0,"GARLASCHELLI, D",6,5.264550264550264,385.0,0.4666666666666667
639.0,"CASTRI, M",4,5.277777777777778,0.0,1.0
640.0,"LOFFREDO, M",1,6.261904761904762,0.0,0.0
641.0,"GASTNER, M",1,4.894179894179894,0.0,0.0
642.0,"GAUTHIER, D",3,1.0,2.0,0.3333333333333333
643.0,"BIENFANG, J",1,1.6666666666666667,0.0,0.0
644.0,"GERSCHGORIN, S",0,0.0,0.0,0.0
645.0,"GIOT, L",19,1.05,0.0,1.0
646.0,"GIRVAN, M",2,4.891534391534392,0.0,1.0
647.0,"GLANZ, J",1,1.0,0.0,0.0
648.0,"PEREZPENA, R",1,1.0,0.0,0.0
649.0,"GLASS, L",0,0.0,0.0,0.0
650.0,"GLEISS, P",3,1.4,0.0,1.0
651.0,"STADLER, P",3,1.4,0.0,1.0
652.0,"GOH, K",7,5.26984126984127,332.5200255884468,0.5714285714285714
653.0,"GHIM, C",3,6.1798941798941796,0.0,1.0
654.0,"KAHNG, B",14,5.1878306878306875,4987.970473652593,0.23076923076923078
655.0,"KIM, D",7,5.26984126984127,332.5200255884468,0.5714285714285714
656.0,"LEE, D",3,6.1798941798941796,0.0,1.0
657.0,"OH, E",6,5.267195767195767,28.039285714285707,0.6666666666666666
658.0,"GOLDBERG, D",3,1.0,0.0,1.0
659.0,"NICHOLS, D",3,1.0,0.0,1.0
660.0,"OKI, B",3,1.0,0.0,1.0
661.0,"TERRY, D",3,1.0,0.0,1.0
662.0,"GOLDBETER, A",8,1.0,16.5,0.35714285714285715
663.0,"GONZE, D",5,1.375,1.5,0.7
664.0,"HOUART, G",4,1.5,0.0,1.0
665.0,"LELOUP, J",4,1.5,0.0,1.0
666.0,"DUPONT, G",4,1.5,0.0,1.0
667.0,"GOLDWASSER, L",1,1.0,0.0,0.0
668.0,"ROUGHGARDEN, J",1,1.0,0.0,0.0
669.0,"GOLOMB, D",2,2.0,4.0,0.0
670.0,"HANSEL, D",2,1.6,6.0,0.0
671.0,"RINZEL, J",1,2.8,0.0,0.0
672.0,"GOLUB, G",1,1.0,0.0,0.0
673.0,"VANLOAN, C",1,1.0,0.0,0.0
674.0,"FLORIA, L",2,5.626984126984127,0.0,1.0
675.0,"GONZALES, M",2,6.650793650793651,0.0,1.0
676.0,"SOUSA, A",5,6.642857142857143,1125.0,0.4
677.0,"HALLY, J",2,1.75,0.0,1.0
678.0,"GOODHILL, A",2,1.0,0.0,1.0
679.0,"SIMMEN, M",2,1.0,0.0,1.0
680.0,"WILLSHAW, D",2,1.0,0.0,1.0
681.0,"GOODMAN, M",3,1.0,0.0,1.0
682.0,"HALL, D",3,1.0,0.0,1.0
683.0,"AVERY, L",3,1.0,0.0,1.0
684.0,"LOCKERY, S",3,1.0,0.0,1.0
685.0,"GORMAN, S",1,7.494708994708994,0.0,0.0
686.0,"TANGMUNARUNKIT, H",1,1.8333333333333333,0.0,0.0
687.0,"GRANOVETTER, M",0,0.0,0.0,0.0
688.0,"GRASSBERGER, P",0,0.0,0.0,0.0
689.0,"GRAY, C",3,1.5714285714285714,0.0,1.0
690.0,"KONIG, P",3,1.5714285714285714,0.0,1.0
691.0,"GREENHALGH, D",0,0.0,0.0,0.0
692.0,"GREGOIRE, G",1,9.068783068783068,0.0,0.0
693.0,"GROSS, J",5,8.044973544973544,0.0,1.0
694.0,"KUJALA, J",5,8.044973544973544,0.0,1.0
695.0,"HAMALAINEN, M",9,8.034391534391535,1495.9999999999995,0.4444444444444444
696.0,"TIMMERMANN, L",5,8.044973544973544,0.0,1.0
697.0,"SCHNITZLER, A",12,7.068783068783069,3321.0,0.4696969696969697
698.0,"SALMELIN, R",5,8.044973544973544,0.0,1.0
699.0,"ION, P",1,1.5,0.0,0.0
700.0,"GUARDIOLA, X",3,5.941798941798941,0.0,1.0
701.0,"LLAS, M",3,5.941798941798941,0.0,1.0
702.0,"PEREZ, C",3,5.941798941798941,0.0,1.0
703.0,"GUARE, J",0,0.0,0.0,0.0
704.0,"GUELZIM, N",3,1.0,0.0,1.0
705.0,"BOTTANI, S",3,1.0,0.0,1.0
706.0,"BOURGINE, P",3,1.0,0.0,1.0
707.0,"KEPES, F",3,1.0,0.0,1.0
708.0,"GIRALT, F",4,5.708994708994709,0.0,1.0
709.0,"MOSSA, S",5,5.2407407407407405,131.65833333333327,0.6
710.0,"TURTSCHI, A",3,5.648148148148148,0.0,1.0
711.0,"GUPTA, S",2,2.142857142857143,0.0,1.0
712.0,"HALL, G",2,1.3333333333333333,0.0,1.0
713.0,"BAHAR, S",2,1.3333333333333333,0.0,1.0
714.0,"HALL, K",0,0.0,0.0,0.0
715.0,"HARI, R",4,9.023809523809524,0.0,1.0
716.0,"ILMONIEMI, R",4,9.023809523809524,0.0,1.0
717.0,"KNUUTILA, J",4,9.023809523809524,0.0,1.0
718.0,"LOUNASMAA, O",4,9.023809523809524,0.0,1.0
719.0,"HANDCOCK, M",3,1.0,2.0,0.3333333333333333
720.0,"JONES, J",1,1.6666666666666667,0.0,0.0
721.0,"SOMPOLINSKY, H",3,1.6,7.0,0.0
722.0,"HARARY, F",0,0.0,0.0,0.0
723.0,"HARWELL, L",3,1.0,0.0,1.0
724.0,"HOPFIELD, J",3,1.0,0.0,1.0
725.0,"LEIBLER, S",3,1.0,0.0,1.0
726.0,"MURRAY, A",3,1.0,0.0,1.0
727.0,"HAYES, B",0,0.0,0.0,0.0
728.0,"HAYNIE, D",0,0.0,0.0,0.0
729.0,"HEAGY, J",2,7.291005291005291,0.0,1.0
730.0,"HEGSELMANN, R",1,1.0,0.0,0.0
731.0,"KRAUSE, U",1,1.0,0.0,0.0
732.0,"HE, M",2,1.0,0.0,1.0
733.0,"XU, H",2,1.0,0.0,1.0
734.0,"SUN, Q",2,1.0,0.0,1.0
735.0,"HERRERO, C",0,0.0,0.0,0.0
736.0,"HERRMANN, C",2,5.664021164021164,0.0,1.0
737.0,"PROVERO, P",2,5.664021164021164,0.0,1.0
738.0,"HONG, D",2,5.682539682539683,0.0,1.0
739.0,"ROUX, S",1,6.661375661375661,0.0,0.0
740.0,"HETHCOTE, H",0,0.0,0.0,0.0
741.0,"HIGHAM, D",0,0.0,0.0,0.0
742.0,"HILGETAG, C",11,2.357142857142857,427.7499999999999,0.4
743.0,"ONEILL, M",7,2.875,6.25,0.8095238095238095
744.0,"SCANNELL, J",8,2.9107142857142856,159.0,0.4642857142857143
745.0,"GRANT, A",1,3.3392857142857144,0.0,0.0
746.0,"KAISER, M",6,2.5535714285714284,183.1666666666667,0.4666666666666667
747.0,"HILLIER, B",1,1.0,0.0,0.0
748.0,"HANSON, J",1,1.0,0.0,0.0
749.0,"HIRSCH, J",0,0.0,0.0,0.0
750.0,"HODGKIN, A",1,1.0,0.0,0.0
751.0,"HUXLEY, A",1,1.0,0.0,0.0
752.0,"HOFF, P",2,1.3333333333333333,0.0,1.0
753.0,"RAFTERY, A",2,1.3333333333333333,0.0,1.0
754.0,"HOLLAND, P",1,1.0,0.0,0.0
755.0,"LEINHARDT, S",1,1.0,0.0,0.0
756.0,"HOLME, P",14,4.113756613756614,16506.036277362124,0.21978021978021978
757.0,"EDLING, C",5,4.550264550264551,2858.4248831234145,0.7
758.0,"LILJEROS, F",5,4.550264550264551,2858.4248831234145,0.7
759.0,"GHOSHAL, G",3,4.5396825396825395,186.01666666666668,0.6666666666666666
760.0,"HUSS, M",2,4.767195767195767,0.0,1.0
761.0,"KIM, B",10,4.722222222222222,901.9696968236454,0.4222222222222222
762.0,"YOON, C",4,4.756613756613756,0.0,1.0
763.0,"HAN, S",4,4.756613756613756,0.0,1.0
764.0,"TRUSINA, A",7,5.058201058201059,378.1549643339114,0.6190476190476191
765.0,"MINNHAGEN, P",7,5.058201058201059,378.1549643339114,0.6190476190476191
766.0,"HOLMGREN, C",3,1.0,0.0,1.0
767.0,"HARKANY, T",3,1.0,0.0,1.0
768.0,"SVENNENFORS, B",3,1.0,0.0,1.0
769.0,"ZILBERTER, Y",3,1.0,0.0,1.0
770.0,"HOLTER, N",5,6.256613756613756,0.0,1.0
771.0,"MITRA, M",5,6.256613756613756,0.0,1.0
772.0,"CIEPLAK, M",5,6.256613756613756,0.0,1.0
773.0,"FEDROFF, N",5,6.256613756613756,0.0,1.0
774.0,"HONG, H",6,5.550264550264551,188.8660401002507,0.4
775.0,"CHOI, M",7,5.0,296.0347100268153,0.6190476190476191
776.0,"PARK, H",3,5.642857142857143,0.0,1.0
777.0,"HORN, N",1,1.0,0.0,0.0
778.0,"RUPPIN, E",1,1.0,0.0,0.0
779.0,"HORWITZ, B",0,0.0,0.0,0.0
780.0,"HUFNAGEL, L",2,1.6666666666666667,0.0,1.0
781.0,"BROCKMANN, D",2,1.6666666666666667,0.0,1.0
782.0,"HUGENII, C",0,0.0,0.0,0.0
783.0,"YANG, J",3,1.8333333333333333,0.5,0.6666666666666666
784.0,"LIU, W",2,1.9166666666666667,0.0,1.0
785.0,"HUXHAM, M",2,1.0,0.0,1.0
786.0,"BEANEY, S",2,1.0,0.0,1.0
787.0,"RAFFAELLI, D",2,1.0,0.0,1.0
788.0,"LOPEZRUIZ, R",3,5.476190476190476,0.0,1.0
789.0,"IAMNITCHI, A",2,1.3333333333333333,0.0,1.0
790.0,"RIPEANU, M",2,1.3333333333333333,0.0,1.0
791.0,"ICHINOMIYA, T",0,0.0,0.0,0.0
792.0,"IGOSHIN, O",3,1.625,0.0,1.0
793.0,"KAISER, D",3,1.625,0.0,1.0
794.0,"OSTER, G",3,1.625,0.0,1.0
795.0,"IHMELS, J",4,2.8666666666666667,0.0,1.0
796.0,"FRIEDLANDER, G",4,2.8666666666666667,0.0,1.0
797.0,"BERGMANN, S",4,2.8666666666666667,0.0,1.0
798.0,"OFERSARIG, Y",4,2.8666666666666667,0.0,1.0
799.0,"ITO, T",5,1.0,0.0,1.0
800.0,"CHIBA, T",5,1.0,0.0,1.0
801.0,"OZAWA, R",5,1.0,0.0,1.0
802.0,"YOSHIDA, M",5,1.0,0.0,1.0
803.0,"HATTORI, M",5,1.0,0.0,1.0
804.0,"SAKAKI, Y",5,1.0,0.0,1.0
805.0,"ITZKOVITZ, S",9,1.8333333333333333,7.799999999999999,0.7777777777777778
806.0,"MILO, R",10,1.8,12.633333333333333,0.6666666666666666
807.0,"KASHTAN, N",9,1.8333333333333333,7.799999999999999,0.7777777777777778
808.0,"ZIV, G",4,2.2333333333333334,0.0,1.0
809.0,"JACOB, F",1,1.0,0.0,0.0
810.0,"MONOD, J",1,1.0,0.0,0.0
811.0,"JACOBSON, V",0,0.0,0.0,0.0
812.0,"JAFFE, A",1,1.0,0.0,0.0
813.0,"TRAJTENBERG, M",1,1.0,0.0,0.0
814.0,"JAIN, A",2,1.0,0.0,1.0
815.0,"MURTY, M",2,1.0,0.0,1.0
816.0,"FLYNN, P",2,1.0,0.0,1.0
817.0,"JAIN, S",1,1.0,0.0,0.0
818.0,"KRISHNA, S",1,1.0,0.0,0.0
819.0,"JALAN, S",1,1.5,0.0,0.0
820.0,"AMRITKAR, R",2,1.0,1.0,0.0
821.0,"JANKOWSKI, S",3,1.0,0.0,1.0
822.0,"LONDEI, A",3,1.0,0.0,1.0
823.0,"MAZUR, C",3,1.0,0.0,1.0
824.0,"LOZOWSKI, A",3,1.0,0.0,1.0
825.0,"JANSEN, R",9,1.0,0.0,1.0
826.0,"YU, H",9,1.0,0.0,1.0
827.0,"GREENBAUM, D",9,1.0,0.0,1.0
828.0,"KLUGER, Y",9,1.0,0.0,1.0
829.0,"KROGAN, N",9,1.0,0.0,1.0
830.0,"CHUNG, S",9,1.0,0.0,1.0
831.0,"EMILI, A",9,1.0,0.0,1.0
832.0,"SNYDER, M",9,1.0,0.0,1.0
833.0,"GREENBLATT, J",9,1.0,0.0,1.0
834.0,"GERSTEIN, M",9,1.0,0.0,1.0
835.0,"JANSON, S",2,1.0,0.0,1.0
836.0,"LUCZAK, T",2,1.0,0.0,1.0
837.0,"RUCINSKI, A",2,1.0,0.0,1.0
838.0,"JENSEN, H",0,0.0,0.0,0.0
839.0,"MASON, S",3,5.275132275132275,0.0,1.0
840.0,"TOMBOR, B",6,5.198412698412699,13.200000000000001,0.8666666666666667
841.0,"JESPERSEN, S",2,1.7142857142857142,0.0,1.0
842.0,"BLUMEN, A",2,1.7142857142857142,0.0,1.0
843.0,"SOKOLOV, I",7,1.0,14.0,0.3333333333333333
844.0,"JIA, L",3,1.0,0.0,1.0
845.0,"SANO, M",3,1.0,0.0,1.0
846.0,"LAI, P",3,1.0,0.0,1.0
847.0,"CHAN, C",3,1.0,0.0,1.0
848.0,"JIANG, B",1,1.0,0.0,0.0
849.0,"CLARAMUNT, C",1,1.0,0.0,0.0
850.0,"JIANG, Y",2,1.0,0.0,1.0
851.0,"LOZADACASSOU, M",2,1.0,0.0,1.0
852.0,"VINET, A",2,1.0,0.0,1.0
853.0,"JIN, E",2,4.891534391534392,0.0,1.0
854.0,"JOHNSON, S",0,0.0,0.0,0.0
855.0,"JORDANO, P",2,1.0,0.0,1.0
856.0,"BASCOMPTE, J",2,1.0,0.0,1.0
857.0,"OLESEN, J",2,1.0,0.0,1.0
858.0,"JOSIC, K",0,0.0,0.0,0.0
859.0,"JOY, M",1,1.6666666666666667,0.0,0.0
860.0,"JOUVE, B",7,3.4464285714285716,108.0,0.5238095238095238
861.0,"ROSENTIEHL, P",2,4.410714285714286,0.0,1.0
862.0,"IMBERT, M",2,4.410714285714286,0.0,1.0
863.0,"JUNG, S",2,6.182539682539683,0.0,1.0
864.0,"KIM, S",2,6.182539682539683,0.0,1.0
865.0,"PARK, Y",2,5.283068783068783,0.0,1.0
866.0,"KALAPALA, V",2,5.865079365079365,0.0,1.0
867.0,"SANWALANI, V",2,5.865079365079365,0.0,1.0
868.0,"KANEKO, K",0,0.0,0.0,0.0
869.0,"KARBOWSKI, J",0,0.0,0.0,0.0
870.0,"KAREV, G",4,1.2,0.0,1.0
871.0,"WOLF, Y",4,1.2,0.0,1.0
872.0,"RZHETSKY, A",5,1.0,4.0,0.6
873.0,"BEREZOVSKAYA, F",4,1.2,0.0,1.0
874.0,"KOONIN, E",4,1.2,0.0,1.0
875.0,"KARINTHY, F",0,0.0,0.0,0.0
876.0,"KARONSKI, M",0,0.0,0.0,0.0
877.0,"KARP, P",4,1.0,0.0,1.0
878.0,"RILEY, M",4,1.0,0.0,1.0
879.0,"PALEY, S",4,1.0,0.0,1.0
880.0,"PELLEGRINITOOLE, A",4,1.0,0.0,1.0
881.0,"KRUMMENACKER, M",4,1.0,0.0,1.0
882.0,"KAUFFMAN, S",1,1.0,0.0,0.0
883.0,"KAUTZ, H",2,1.0,0.0,1.0
884.0,"SELMAN, B",2,1.0,0.0,1.0
885.0,"SHAH, M",2,1.0,0.0,1.0
886.0,"KEPHART, J",1,1.0,0.0,0.0
887.0,"WHITE, S",1,1.0,0.0,0.0
888.0,"KERMARREC, A",2,1.0,0.0,1.0
889.0,"GANESH, A",2,1.0,0.0,1.0
890.0,"MASSOULIE, L",2,1.0,0.0,1.0
891.0,"KERNIGHAN, B",0,0.0,0.0,0.0
892.0,"CHUNG, J",5,5.076719576719577,0.0,1.0
893.0,"KIM, J",5,6.105820105820106,22.085714285714285,0.6
894.0,"KINNEY, R",3,5.587301587301587,0.0,1.0
895.0,"KINOUCHI, O",4,1.0,0.0,1.0
896.0,"MARTINEZ, A",4,1.0,0.0,1.0
897.0,"LIMA, G",4,1.0,0.0,1.0
898.0,"LOURENC, G",4,1.0,0.0,1.0
899.0,"RISAUGUSMAN, S",4,1.0,0.0,1.0
900.0,"KIRKPATRICK, S",3,1.0,2.0,0.3333333333333333
901.0,"GELATT, C",2,1.3333333333333333,0.0,1.0
902.0,"VECCHI, M",2,1.3333333333333333,0.0,1.0
903.0,"KISS, I",2,1.0,0.0,1.0
904.0,"ZHAI, Y",2,1.0,0.0,1.0
905.0,"HUDSON, J",2,1.0,0.0,1.0
906.0,"KLECZKOWSKI, A",1,1.0,0.0,0.0
907.0,"GRENFELL, B",1,1.0,0.0,0.0
908.0,"KUMAR, S",4,5.7592592592592595,0.0,1.0
909.0,"KLEVECZ, R",2,1.0,0.0,1.0
910.0,"BOLEN, J",2,1.0,0.0,1.0
911.0,"DURAN, O",2,1.0,0.0,1.0
912.0,"KLOVDAHL, A",5,2.4444444444444446,0.0,1.0
913.0,"POTTERAT, J",14,1.7037037037037037,44.66666666666667,0.5274725274725275
914.0,"WOODHOUSE, D",9,2.2962962962962963,2.0,0.7777777777777778
915.0,"MUTH, J",9,2.2962962962962963,2.0,0.7777777777777778
916.0,"MUTH, S",16,1.6296296296296295,70.66666666666664,0.425
917.0,"DARROW, W",5,2.4444444444444446,0.0,1.0
918.0,"KLYACHKO, V",1,1.6666666666666667,0.0,0.0
919.0,"KNUTH, D",0,0.0,0.0,0.0
920.0,"KOCAREV, L",1,1.0,0.0,0.0
921.0,"PARLITZ, U",1,1.0,0.0,0.0
922.0,"LAURENT, G",1,2.769230769230769,0.0,0.0
923.0,"KOCH, M",2,1.0,0.0,1.0
924.0,"NORRIS, D",2,1.0,0.0,1.0
925.0,"HUNDGEORGIADIS, M",2,1.0,0.0,1.0
926.0,"PATURI, R",1,1.6666666666666667,0.0,0.0
927.0,"ERMENTROUT, B",4,1.2,0.0,1.0
928.0,"KOR, J",0,0.0,0.0,0.0
929.0,"KORTE, C",1,1.5,0.0,0.0
930.0,"MILGRAM, S",2,1.0,1.0,0.0
931.0,"KOTTER, R",11,2.625,271.49999999999994,0.34545454545454546
932.0,"STEPHAN, K",7,2.9285714285714284,5.833333333333334,0.8095238095238095
933.0,"SOMMER, F",1,3.607142857142857,0.0,0.0
934.0,"LEYVRAZ, F",2,6.920634920634921,0.0,1.0
935.0,"KRAUSE, A",4,1.2,0.0,1.0
936.0,"FRANK, K",4,1.2,0.0,1.0
937.0,"MASON, D",4,1.2,0.0,1.0
938.0,"TAYLOR, W",4,1.2,0.0,1.0
939.0,"KREBS, V",0,0.0,0.0,0.0
940.0,"KREE, R",1,2.0,0.0,0.0
941.0,"KRETZSCHMAR, M",2,1.0,0.0,1.0
942.0,"VANDUYNHOVEN, Y",2,1.0,0.0,1.0
943.0,"SEVERIJNEN, A",2,1.0,0.0,1.0
944.0,"SIVAKUMAR, D",5,6.727513227513228,0.0,1.0
945.0,"UPFAL, E",5,6.727513227513228,0.0,1.0
946.0,"ZANETTE, D",1,1.6666666666666667,0.0,0.0
947.0,"KURAMOTO, Y",3,1.0,2.0,0.3333333333333333
948.0,"NAKAO, H",1,1.6666666666666667,0.0,0.0
949.0,"KWON, O",1,1.0,0.0,0.0
950.0,"MOON, H",1,1.0,0.0,0.0
951.0,"LAGOFERNANDEZ, L",3,1.0,0.0,1.0
952.0,"CORBACHO, F",3,1.0,0.0,1.0
953.0,"HUERTA, R",3,1.0,0.0,1.0
954.0,"SIGUENZA, J",3,1.0,0.0,1.0
955.0,"LAHTINEN, J",2,6.568783068783069,0.0,1.0
956.0,"KASKI, K",6,6.558201058201059,2.666666666666666,0.6
957.0,"LAWNICZAK, A",2,1.0,0.0,1.0
958.0,"MAXIE, K",2,1.0,0.0,1.0
959.0,"GERISCH, A",2,1.0,0.0,1.0
960.0,"LEE, L",2,1.0,0.0,1.0
961.0,"HARRISON, L",2,1.0,0.0,1.0
962.0,"MECHELLI, A",2,1.0,0.0,1.0
963.0,"LEONE, M",3,5.317460317460317,0.0,1.0
964.0,"ZECCHINA, R",3,5.317460317460317,0.0,1.0
965.0,"LEVANQUYEN, M",5,1.0,0.0,1.0
966.0,"QUILICHINI, P",5,1.0,0.0,1.0
967.0,"BERNARD, C",5,1.0,0.0,1.0
968.0,"ESCLAPEZ, M",5,1.0,0.0,1.0
969.0,"BENARI, Y",5,1.0,0.0,1.0
970.0,"GOZLAN, H",5,1.0,0.0,1.0
971.0,"LEVIN, S",0,0.0,0.0,0.0
972.0,"LI, C",1,2.4545454545454546,0.0,0.0
973.0,"CHEN, G",6,1.5454545454545454,37.0,0.2
974.0,"LIEBERMAN, E",2,2.142857142857143,0.0,1.0
975.0,"HAUERT, C",2,2.142857142857143,0.0,1.0
976.0,"NOWAK, M",4,1.4285714285714286,14.0,0.16666666666666666
977.0,"ABERG, Y",4,5.121693121693122,0.0,1.0
978.0,"LI, R",1,1.0,0.0,0.0
979.0,"ERNEUX, T",1,1.0,0.0,0.0
980.0,"LI, S",2,1.0,0.0,1.0
981.0,"WAND, H",2,1.0,0.0,1.0
982.0,"OUYANG, Q",2,1.0,0.0,1.0
983.0,"LIU, Z",3,9.063492063492063,0.5,0.6666666666666666
984.0,"LAI, Y",7,8.071428571428571,566.1666666666666,0.38095238095238093
985.0,"HOPPENSTEADT, F",4,8.079365079365079,186.33333333333331,0.6666666666666666
986.0,"YE, N",2,9.066137566137566,0.0,1.0
987.0,"LI, W",1,1.0,0.0,0.0
988.0,"CAI, X",1,1.0,0.0,0.0
989.0,"LI, X",1,2.4545454545454546,0.0,0.0
990.0,"LLINAS, R",0,0.0,0.0,0.0
991.0,"LLOYD, A",1,2.2857142857142856,0.0,0.0
992.0,"LOCKHART, D",1,1.0,0.0,0.0
993.0,"WINZELER, E",1,1.0,0.0,0.0
994.0,"LOGOTHETIS, N",4,1.0,0.0,1.0
995.0,"PAULS, J",4,1.0,0.0,1.0
996.0,"AUGATH, M",4,1.0,0.0,1.0
997.0,"TRINATH, T",4,1.0,0.0,1.0
998.0,"OELTERMANN, A",4,1.0,0.0,1.0
999.0,"LORRAIN, F",1,2.5185185185185186,0.0,0.0
1000.0,"WHITE, H",12,1.5555555555555556,207.0,0.3484848484848485
1001.0,"LOTKA, A",0,0.0,0.0,0.0
1002.0,"LU, J",3,2.272727272727273,0.0,1.0
1003.0,"YU, X",3,2.272727272727273,0.0,1.0
1004.0,"CHEN, D",3,2.272727272727273,0.0,1.0
1005.0,"LUSSEAU, D",1,4.894179894179894,0.0,0.0
1006.0,"LU, W",1,1.0,0.0,0.0
1007.0,"CHEN, T",1,1.0,0.0,0.0
1008.0,"MACDONALD, P",2,5.621693121693122,0.0,1.0
1009.0,"MACGRAW, P",1,1.5,0.0,0.0
1010.0,"MENZINGER, M",2,1.0,1.0,0.0
1011.0,"MAHADEVAN, R",1,1.0,0.0,0.0
1012.0,"PALSSON, B",1,1.0,0.0,0.0
1013.0,"MA, H",1,1.0,0.0,0.0
1014.0,"ZENG, A",1,1.0,0.0,0.0
1015.0,"MAJORANA, E",0,0.0,0.0,0.0
1016.0,"MANGAN, S",3,2.2666666666666666,0.0,1.0
1017.0,"MANNA, S",5,1.375,0.0,1.0
1018.0,"SEN, P",8,1.0,17.0,0.39285714285714285
1019.0,"MARI, C",0,0.0,0.0,0.0
1020.0,"MARIOLIS, P",0,0.0,0.0,0.0
1021.0,"RIGON, R",4,6.2592592592592595,0.0,1.0
1022.0,"GIACOMETTI, A",4,6.2592592592592595,0.0,1.0
1023.0,"RODRIGUEZITURBE, I",4,6.2592592592592595,0.0,1.0
1024.0,"MARODI, M",2,6.14021164021164,0.0,1.0
1025.0,"DOVIDIO, F",2,6.14021164021164,0.0,1.0
1026.0,"MARRO, J",4,5.925925925925926,377.0,0.5
1027.0,"DICKMAN, R",1,6.923280423280423,0.0,0.0
1028.0,"MARTIN, R",3,3.0714285714285716,0.0,1.0
1029.0,"ANDRAS, P",3,3.0714285714285716,0.0,1.0
1030.0,"ZALIZNYAK, A",2,5.833333333333333,0.0,1.0
1031.0,"MASOLLER, C",1,1.0,0.0,0.0
1032.0,"MARTI, A",1,1.0,0.0,0.0
1033.0,"MASSUNAGA, M",1,1.0,0.0,0.0
1034.0,"BAHIANA, M",1,1.0,0.0,0.0
1035.0,"MASUDA, N",3,1.0,2.0,0.3333333333333333
1036.0,"AIHARA, K",1,1.6666666666666667,0.0,0.0
1037.0,"MIWA, H",2,1.3333333333333333,0.0,1.0
1038.0,"KONNO, N",2,1.3333333333333333,0.0,1.0
1039.0,"MATTHEWS, P",2,5.8121693121693125,0.0,1.0
1040.0,"MIROLLO, R",2,5.8121693121693125,0.0,1.0
1041.0,"VALLONE, A",3,6.3201058201058204,0.0,1.0
1042.0,"MCCANN, K",2,1.0,0.0,1.0
1043.0,"HASTINGS, A",2,1.0,0.0,1.0
1044.0,"HUXEL, G",2,1.0,0.0,1.0
1045.0,"MCGRAW, P",1,1.5,0.0,0.0
1046.0,"MEESTER, R",1,2.230769230769231,0.0,0.0
1047.0,"MEHRING, C",4,1.4285714285714286,0.0,1.0
1048.0,"HEHL, U",4,1.4285714285714286,0.0,1.0
1049.0,"KUBO, M",4,1.4285714285714286,0.0,1.0
1050.0,"DIESMANN, M",4,1.4285714285714286,0.0,1.0
1051.0,"MEHTA, M",0,0.0,0.0,0.0
1052.0,"MELIN, G",1,1.0,0.0,0.0
1053.0,"PERSSON, O",1,1.0,0.0,0.0
1054.0,"MENCZER, F",4,1.0,3.0,0.5
1055.0,"BELEW, R",1,1.75,0.0,0.0
1056.0,"PANT, G",3,1.25,0.0,1.0
1057.0,"RUIZ, M",3,1.25,0.0,1.0
1058.0,"SRINIVASAN, P",3,1.25,0.0,1.0
1059.0,"MERTON, R",0,0.0,0.0,0.0
1060.0,"MEWES, H",10,1.0,9.0,0.8
1061.0,"FRISHMAN, D",9,1.1,0.0,1.0
1062.0,"GULDENER, U",9,1.1,0.0,1.0
1063.0,"MANNHAUPT, G",9,1.1,0.0,1.0
1064.0,"MAYER, K",9,1.1,0.0,1.0
1065.0,"MOKREJS, M",9,1.1,0.0,1.0
1066.0,"MORGENSTERN, B",9,1.1,0.0,1.0
1067.0,"MUNSTERKOTTER, M",9,1.1,0.0,1.0
1068.0,"RUDD, S",9,1.1,0.0,1.0
1069.0,"WEIL, B",9,1.1,0.0,1.0
1070.0,"LEVITT, R",7,2.1333333333333333,0.0,1.0
1071.0,"SHENORR, S",9,1.8333333333333333,9.133333333333333,0.75
1072.0,"AYZENSHTAT, I",7,2.1333333333333333,0.0,1.0
1073.0,"SHEFFER, M",7,2.1333333333333333,0.0,1.0
1074.0,"LEVY, W",1,1.5,0.0,0.0
1075.0,"MITCHELL, M",0,0.0,0.0,0.0
1076.0,"MIZRUCHI, M",0,0.0,0.0,0.0
1077.0,"MOHAR, B",0,0.0,0.0,0.0
1078.0,"MOLLOY, M",1,1.0,0.0,0.0
1079.0,"REED, B",1,1.0,0.0,0.0
1080.0,"MONASSON, R",0,0.0,0.0,0.0
1081.0,"MONTOYA, J",1,5.0132275132275135,0.0,0.0
1082.0,"MOREIRA, A",2,5.6878306878306875,0.0,1.0
1083.0,"ANDRADE, J",2,5.6878306878306875,0.0,1.0
1084.0,"MORELLI, L",2,1.3333333333333333,0.0,1.0
1085.0,"MORENO, J",0,0.0,0.0,0.0
1086.0,"GOMEZ, J",2,5.626984126984127,0.0,1.0
1087.0,"PACHECO, A",4,5.621693121693122,1.5,0.5
1088.0,"NEKOVEE, M",3,5.156084656084656,56.014285714285755,0.6666666666666666
1089.0,"VAZQUEZPRADA, M",2,5.626984126984127,0.0,1.0
1090.0,"MORRIS, M",0,0.0,0.0,0.0
1091.0,"DASGUPTA, P",3,8.082010582010582,0.0,1.0
1092.0,"NISHIKAWA, T",3,8.082010582010582,0.0,1.0
1093.0,"MROWKA, R",3,1.0,0.0,1.0
1094.0,"PATZAK, A",3,1.0,0.0,1.0
1095.0,"HERZEL, H",3,1.0,0.0,1.0
1096.0,"HOLSTE, D",3,1.0,0.0,1.0
1097.0,"MULLER, J",2,1.0,0.0,1.0
1098.0,"SCHONFISCH, B",2,1.0,0.0,1.0
1099.0,"KIRKILIONIS, M",2,1.0,0.0,1.0
1100.0,"MURRAY, J",0,0.0,0.0,0.0
1101.0,"NAGUMO, J",2,1.0,0.0,1.0
1102.0,"ARIMOTO, S",2,1.0,0.0,1.0
1103.0,"YOSHIZAWA, S",2,1.0,0.0,1.0
1104.0,"NAKAMURA, I",0,0.0,0.0,0.0
1105.0,"NEIMAN, A",8,4.607142857142857,0.0,1.0
1106.0,"PEI, X",8,4.607142857142857,0.0,1.0
1107.0,"RUSSELL, D",11,3.75,384.0,0.5636363636363636
1108.0,"WOJTENEK, W",8,4.607142857142857,0.0,1.0
1109.0,"WILKENS, L",8,4.607142857142857,0.0,1.0
1110.0,"MOSS, F",8,4.607142857142857,0.0,1.0
1111.0,"BRAUN, H",8,4.607142857142857,0.0,1.0
1112.0,"HUBER, M",8,4.607142857142857,0.0,1.0
1113.0,"VOIGT, K",8,4.607142857142857,0.0,1.0
1114.0,"NEMETH, G",1,1.0,0.0,0.0
1115.0,"VATTAY, G",1,1.0,0.0,0.0
1116.0,"NETOFF, T",4,1.4285714285714286,0.0,1.0
1117.0,"CLEWLEY, R",4,1.4285714285714286,0.0,1.0
1118.0,"ARNO, S",4,1.4285714285714286,0.0,1.0
1119.0,"KECK, T",4,1.4285714285714286,0.0,1.0
1120.0,"WHITE, J",7,1.0,12.0,0.42857142857142855
1121.0,"FORREST, S",2,4.891534391534392,0.0,1.0
1122.0,"BALTHROP, J",2,4.891534391534392,0.0,1.0
1123.0,"LEICHT, E",2,4.5476190476190474,0.0,1.0
1124.0,"NIEBUR, E",3,2.1538461538461537,0.0,1.0
1125.0,"KAMMEN, D",3,2.1538461538461537,0.0,1.0
1126.0,"NIEMINEN, J",0,0.0,0.0,0.0
1127.0,"NOH, J",1,1.0,0.0,0.0
1128.0,"RIEGER, H",1,1.0,0.0,0.0
1129.0,"SIGMUND, K",1,2.2857142857142856,0.0,0.0
1130.0,"RHO, K",4,5.272486772486772,25.205952380952375,0.8333333333333334
1131.0,"OHIRA, T",1,1.0,0.0,0.0
1132.0,"SAWATARI, R",1,1.0,0.0,0.0
1133.0,"OKANE, D",1,1.0,0.0,0.0
1134.0,"TREVES, A",1,1.0,0.0,0.0
1135.0,"ONNELA, J",5,6.560846560846561,0.6666666666666666,0.8
1136.0,"CHAKRABORTI, A",4,6.563492063492063,0.0,1.0
1137.0,"KANTO, A",4,6.563492063492063,0.0,1.0
1138.0,"JARISARAMAKI, J",3,6.5661375661375665,0.0,1.0
1139.0,"ONODY, R",1,1.0,0.0,0.0
1140.0,"DECASTRO, P",1,1.0,0.0,0.0
1141.0,"OOSAWA, C",1,1.6666666666666667,0.0,0.0
1142.0,"SAVAGEAU, M",3,1.0,2.0,0.3333333333333333
1143.0,"ORAM, A",0,0.0,0.0,0.0
1144.0,"OSBORNE, M",0,0.0,0.0,0.0
1145.0,"ROSENBLUM, M",12,7.079365079365079,44.666666666666664,0.4393939393939394
1146.0,"OTSUKA, K",4,1.0,0.0,1.0
1147.0,"KAWAI, R",4,1.0,0.0,1.0
1148.0,"HWONG, S",4,1.0,0.0,1.0
1149.0,"KO, J",4,1.0,0.0,1.0
1150.0,"CHERN, J",4,1.0,0.0,1.0
1151.0,"OVERBAY, T",0,0.0,0.0,0.0
1152.0,"OVERBEEK, R",8,1.0,0.0,1.0
1153.0,"LARSEN, N",8,1.0,0.0,1.0
1154.0,"PUSCH, G",8,1.0,0.0,1.0
1155.0,"DSOUZA, M",8,1.0,0.0,1.0
1156.0,"SELKOVJR, E",8,1.0,0.0,1.0
1157.0,"KYRPIDES, N",8,1.0,0.0,1.0
1158.0,"FONSTEIN, M",8,1.0,0.0,1.0
1159.0,"MALTSEV, N",8,1.0,0.0,1.0
1160.0,"SELKOV, E",8,1.0,0.0,1.0
1161.0,"OZANA, M",0,0.0,0.0,0.0
1162.0,"BASSLER, K",6,8.804232804232804,1125.0,0.4666666666666667
1163.0,"CORRAL, A",2,9.796296296296296,0.0,1.0
1164.0,"PADGETT, J",1,1.0,0.0,0.0
1165.0,"ANSELL, C",1,1.0,0.0,0.0
1166.0,"MOTWANI, R",3,1.0,0.0,1.0
1167.0,"WINOGRAD, T",3,1.0,0.0,1.0
1168.0,"PANDEY, A",1,1.0,0.0,0.0
1169.0,"MANN, M",1,1.0,0.0,0.0
1170.0,"PANDIT, S",1,1.5,0.0,0.0
1171.0,"PANDYA, R",0,0.0,0.0,0.0
1172.0,"PARK, J",1,4.894179894179894,0.0,0.0
1173.0,"PARMANANDA, P",0,0.0,0.0,0.0
1174.0,"PASEMANN, F",0,0.0,0.0,0.0
1175.0,"PASSINGHAM, R",2,3.5892857142857144,0.0,1.0
1176.0,"STHEPAN, K",2,3.5892857142857144,0.0,1.0
1177.0,"RUBI, M",2,5.007936507936508,0.0,1.0
1178.0,"SMITH, E",3,4.584656084656085,0.0,1.0
1179.0,"PEKALSKI, A",0,0.0,0.0,0.0
1180.0,"PENNOCK, D",4,6.748677248677248,0.0,1.0
1181.0,"GLOVER, E",4,6.748677248677248,0.0,1.0
1182.0,"PETERMANNN, T",1,5.944444444444445,0.0,0.0
1183.0,"PIMM, S",0,0.0,0.0,0.0
1184.0,"PINTO, S",2,1.0,0.0,1.0
1185.0,"LOPES, S",2,1.0,0.0,1.0
1186.0,"VIANA, R",2,1.0,0.0,1.0
1187.0,"PIOT, P",0,0.0,0.0,0.0
1188.0,"PITTS, F",0,0.0,0.0,0.0
1189.0,"PLUCHINO, A",2,6.251322751322752,0.0,1.0
1190.0,"PODANI, J",5,5.26984126984127,0.0,1.0
1191.0,"SZATHMARY, E",5,5.26984126984127,0.0,1.0
1192.0,"POLIS, G",0,0.0,0.0,0.0
1193.0,"POOL, I",1,1.0,0.0,0.0
1194.0,"KOCHEN, M",1,1.0,0.0,0.0
1195.0,"PORTER, M",3,4.888888888888889,0.0,1.0
1196.0,"MUCHA, P",3,4.888888888888889,0.0,1.0
1197.0,"WARMBRAND, C",3,4.888888888888889,0.0,1.0
1198.0,"POTHEN, A",2,1.0,0.0,1.0
1199.0,"SIMON, H",2,1.0,0.0,1.0
1200.0,"LIOU, K",2,1.0,0.0,1.0
1201.0,"ROTHENBERG, R",14,1.7037037037037037,48.666666666666686,0.4835164835164835
1202.0,"ZIMMERMANROGER, H",7,1.962962962962963,0.0,1.0
1203.0,"GREEN, D",7,1.962962962962963,0.0,1.0
1204.0,"TAYLOR, J",7,1.962962962962963,0.0,1.0
1205.0,"BONNEY, M",7,1.962962962962963,0.0,1.0
1206.0,"PHILLIPSPLUMMER, L",7,2.3703703703703702,0.0,1.0
1207.0,"MALDONADOLONG, T",7,2.3703703703703702,0.0,1.0
1208.0,"ZIMMERMAN, H",7,2.3703703703703702,0.0,1.0
1209.0,"POWELL, W",3,1.0,0.0,1.0
1210.0,"WHITE, D",3,1.0,0.0,1.0
1211.0,"KOPUT, K",3,1.0,0.0,1.0
1212.0,"OWENSMITH, J",3,1.0,0.0,1.0
1213.0,"PRICE, D",0,0.0,0.0,0.0
1214.0,"RADICCHI, F",4,6.298941798941799,0.0,1.0
1215.0,"CECCONI, F",4,6.298941798941799,0.0,1.0
1216.0,"LORETO, V",4,6.298941798941799,0.0,1.0
1217.0,"PARISI, D",4,6.298941798941799,0.0,1.0
1218.0,"RAGHAVACHARI, S",1,1.0,0.0,0.0
1219.0,"GLAZIER, J",1,1.0,0.0,0.0
1220.0,"RAIN, J",0,0.0,0.0,0.0
1221.0,"RAMASCO, J",2,5.034391534391534,0.0,1.0
1222.0,"RAMEZANPOUR, A",2,1.0,0.0,1.0
1223.0,"KARIMIPOUR, V",2,1.0,0.0,1.0
1224.0,"MASHAGHI, A",2,1.0,0.0,1.0
1225.0,"RAPOPORT, A",3,1.0,3.0,0.0
1226.0,"CHAMMAH, A",1,1.6666666666666667,0.0,0.0
1227.0,"HORVATH, W",1,1.6666666666666667,0.0,0.0
1228.0,"SOMERA, A",4,5.677248677248677,0.0,1.0
1229.0,"MONGRU, D",4,5.677248677248677,0.0,1.0
1230.0,"REICHARDT, J",1,2.769230769230769,0.0,0.0
1231.0,"RESNICK, P",1,1.0,0.0,0.0
1232.0,"VARIAN, H",1,1.0,0.0,0.0
1233.0,"RESS, G",2,2.6923076923076925,0.0,1.0
1234.0,"KREIMAN, G",2,2.6923076923076925,0.0,1.0
1235.0,"RESTREPO, J",2,2.3076923076923075,0.0,1.0
1236.0,"HUNT, B",2,2.3076923076923075,0.0,1.0
1237.0,"RIVES, A",1,1.0,0.0,0.0
1238.0,"GALITSKI, T",1,1.0,0.0,0.0
1239.0,"DARBYDOWMAN, K",1,7.645502645502646,0.0,0.0
1240.0,"ROETHLISBERGER, F",1,1.0,0.0,0.0
1241.0,"DICKSON, W",1,1.0,0.0,0.0
1242.0,"ROGERS, J",1,1.0,0.0,0.0
1243.0,"WILLE, L",1,1.0,0.0,0.0
1244.0,"ROGISTER, F",4,2.0,0.0,1.0
1245.0,"THORNBURG, K",4,2.0,0.0,1.0
1246.0,"FABINY, L",4,2.0,0.0,1.0
1247.0,"MOLLER, M",4,2.0,0.0,1.0
1248.0,"ROMANO, S",1,1.0,0.0,0.0
1249.0,"EGUIA, M",1,1.0,0.0,0.0
1250.0,"ROSA, E",2,2.3076923076923075,0.0,1.0
1251.0,"HESS, M",2,2.3076923076923075,0.0,1.0
1252.0,"ROSATO, V",2,1.0,0.0,1.0
1253.0,"BOLOGNA, S",2,1.0,0.0,1.0
1254.0,"TIRITICCO, F",2,1.0,0.0,1.0
1255.0,"ROSVALL, M",3,5.48941798941799,0.0,1.0
1256.0,"BALDWIN, J",3,2.5185185185185186,0.0,1.0
1257.0,"TROTTER, R",3,2.5185185185185186,0.0,1.0
1258.0,"ROUGEMONT, J",1,1.0,0.0,0.0
1259.0,"HINGAMP, P",1,1.0,0.0,0.0
1260.0,"ROXIN, A",2,1.0,0.0,1.0
1261.0,"RIECKE, H",2,1.0,0.0,1.0
1262.0,"SOLLA, S",2,1.0,0.0,1.0
1263.0,"ROZENFELD, A",3,6.648148148148148,0.0,1.0
1264.0,"RULKOV, N",3,1.0,0.0,1.0
1265.0,"SUSHCHIK, M",3,1.0,0.0,1.0
1266.0,"TSIMRING, L",3,1.0,0.0,1.0
1267.0,"ABARBANEL, H",3,1.0,0.0,1.0
1268.0,"GOMEZ, S",1,1.8,0.0,0.0
1269.0,"SABIDUSSI, G",0,0.0,0.0,0.0
1270.0,"SACHTJEN, M",2,1.6666666666666667,0.0,1.0
1271.0,"SAKAGUCHI, H",2,1.3333333333333333,0.0,1.0
1272.0,"SHINOMOTO, S",2,1.3333333333333333,0.0,1.0
1273.0,"SANDER, L",4,1.4285714285714286,0.0,1.0
1274.0,"WARREN, C",4,1.4285714285714286,0.0,1.0
1275.0,"SIMON, C",4,1.4285714285714286,0.0,1.0
1276.0,"KOOPMAN, J",4,1.4285714285714286,0.0,1.0
1277.0,"SATOR, N",0,0.0,0.0,0.0
1278.0,"BLACKMORE, C",5,2.9642857142857144,0.0,1.0
1279.0,"GRANT, S",3,3.857142857142857,0.0,1.0
1280.0,"PAYNE, B",3,3.857142857142857,0.0,1.0
1281.0,"BADDELEY, R",3,3.857142857142857,0.0,1.0
1282.0,"SCHAFER, C",3,7.134920634920635,0.0,1.0
1283.0,"ABEL, H",3,7.134920634920635,0.0,1.0
1284.0,"SCHELLING, T",0,0.0,0.0,0.0
1285.0,"SCHNEEBERGER, A",0,0.0,0.0,0.0
1286.0,"SCHUSTER, S",8,1.0,16.0,0.42857142857142855
1287.0,"PFEIFFER, T",4,1.5,0.0,1.0
1288.0,"MOLDENHAUER, F",4,1.5,0.0,1.0
1289.0,"KOCH, I",4,1.5,0.0,1.0
1290.0,"DANDEKAR, T",4,1.5,0.0,1.0
1291.0,"SCHUZ, A",0,0.0,0.0,0.0
1292.0,"SCHWARTZ, I",2,1.5,0.0,1.0
1293.0,"BILLINGS, L",2,1.5,0.0,1.0
1294.0,"BOLLT, E",4,1.0,4.0,0.3333333333333333
1295.0,"SCHWARTZ, N",4,5.666666666666667,0.0,1.0
1296.0,"SCOTT, J",0,0.0,0.0,0.0
1297.0,"SEARLS, D",0,0.0,0.0,0.0
1298.0,"SEARY, A",1,1.0,0.0,0.0
1299.0,"RICHARDS, W",1,1.0,0.0,0.0
1300.0,"SEDGEWICK, R",0,0.0,0.0,0.0
1301.0,"SEGLEN, P",0,0.0,0.0,0.0
1302.0,"SEIDMAN, S",0,0.0,0.0,0.0
1303.0,"BANERJEE, K",2,1.75,0.0,1.0
1304.0,"BISWAS, T",2,1.75,0.0,1.0
1305.0,"CHAKRABARTI, B",1,1.875,0.0,0.0
1306.0,"DASGUPTA, S",5,1.375,0.0,1.0
1307.0,"CHATTERJEE, A",5,1.375,0.0,1.0
1308.0,"SREERAM, P",5,1.375,0.0,1.0
1309.0,"MUKHERJEE, G",5,1.375,0.0,1.0
1310.0,"SHARDANAND, U",1,1.0,0.0,0.0
1311.0,"MAES, P",1,1.0,0.0,0.0
1312.0,"SHEFI, O",4,7.103174603174603,0.0,1.0
1313.0,"GOLDING, I",4,7.103174603174603,0.0,1.0
1314.0,"SEGEV, R",4,7.103174603174603,0.0,1.0
1315.0,"BENJACOB, E",8,6.113756613756614,1496.0,0.42857142857142855
1316.0,"AYALI, A",4,7.103174603174603,0.0,1.0
1317.0,"SHEPARD, R",0,0.0,0.0,0.0
1318.0,"SHERRINGTON, D",1,1.6666666666666667,0.0,0.0
1319.0,"SHOCKLEY, W",0,0.0,0.0,0.0
1320.0,"SHUAI, J",1,1.0,0.0,0.0
1321.0,"DURAND, D",1,1.0,0.0,0.0
1322.0,"SIGMAN, M",1,4.357142857142857,0.0,0.0
1323.0,"SIMARD, D",2,1.0,0.0,1.0
1324.0,"NADEAU, L",2,1.0,0.0,1.0
1325.0,"KROGER, H",2,1.0,0.0,1.0
1326.0,"SINGH, B",1,1.0,0.0,0.0
1327.0,"GUPTE, N",1,1.0,0.0,0.0
1328.0,"SMITH, D",1,1.0,0.0,0.0
1329.0,"TIMBERLAKE, M",1,1.0,0.0,0.0
1330.0,"SMITH, R",0,0.0,0.0,0.0
1331.0,"SNEL, B",2,1.0,0.0,1.0
1332.0,"BORK, P",2,1.0,0.0,1.0
1333.0,"HUYNEN, M",2,1.0,0.0,1.0
1334.0,"SNIJDERS, T",0,0.0,0.0,0.0
1335.0,"SOARES, D",3,1.25,0.0,1.0
1336.0,"TSALLIS, C",4,1.0,3.0,0.5
1337.0,"MARIZ, A",3,1.25,0.0,1.0
1338.0,"DASILVA, L",3,1.25,0.0,1.0
1339.0,"SOCOLAR, J",1,1.0,0.0,0.0
1340.0,"SODERBERG, B",0,0.0,0.0,0.0
1341.0,"SOFFER, S",1,5.7592592592592595,0.0,0.0
1342.0,"KEPLER, T",3,4.584656084656085,0.0,1.0
1343.0,"SALAZARCIUDAD, I",2,5.01058201058201,0.0,1.0
1344.0,"GARCIAFERNANDEZ, J",2,5.01058201058201,0.0,1.0
1345.0,"SOLOMONOFF, R",1,1.6666666666666667,0.0,0.0
1346.0,"CRISANTI, A",1,2.4,0.0,0.0
1347.0,"SONG, C",2,6.650793650793651,0.0,1.0
1348.0,"MAKSE, H",2,6.650793650793651,0.0,1.0
1349.0,"SONG, S",4,2.6,0.0,1.0
1350.0,"SJOSTROM, P",4,2.6,0.0,1.0
1351.0,"REIGL, M",4,2.6,0.0,1.0
1352.0,"NELSON, S",4,2.6,0.0,1.0
1353.0,"SOTELO, C",0,0.0,0.0,0.0
1354.0,"SPIRIN, V",1,1.0,0.0,0.0
1355.0,"MIRNY, L",1,1.0,0.0,0.0
1356.0,"SPORNS, O",7,2.482142857142857,602.6666666666667,0.23809523809523808
1357.0,"TONONI, G",4,3.0892857142857144,225.0,0.6666666666666666
1358.0,"EDELMAN, G",4,3.0892857142857144,225.0,0.6666666666666666
1359.0,"ZWI, J",1,3.4642857142857144,0.0,0.0
1360.0,"STAM, C",1,1.0,0.0,0.0
1361.0,"AHARONY, A",3,5.611111111111111,0.0,1.0
1362.0,"ADLER, J",3,5.611111111111111,0.0,1.0
1363.0,"MEYERORTMANNS, H",1,5.619047619047619,0.0,0.0
1364.0,"STELLING, J",4,1.5,0.0,1.0
1365.0,"KLAMT, S",4,1.5,0.0,1.0
1366.0,"BETTENBROCK, K",4,1.5,0.0,1.0
1367.0,"GILLES, E",4,1.5,0.0,1.0
1368.0,"KAMPER, L",5,3.2142857142857144,0.0,1.0
1369.0,"BOZKURT, A",5,3.2142857142857144,0.0,1.0
1370.0,"STEPHENSON, K",1,1.0,0.0,0.0
1371.0,"ZELEN, M",1,1.0,0.0,0.0
1372.0,"STEYVERS, M",1,1.0,0.0,0.0
1373.0,"TENENBAUM, J",1,1.0,0.0,0.0
1374.0,"STILLER, J",2,1.0,0.0,1.0
1375.0,"NETTLE, D",2,1.0,0.0,1.0
1376.0,"DUNBAR, R",2,1.0,0.0,1.0
1377.0,"STILWELL, D",2,1.5,0.0,1.0
1378.0,"ROBERSON, D",2,1.5,0.0,1.0
1379.0,"STONEHAM, A",0,0.0,0.0,0.0
1380.0,"STUART, J",0,0.0,0.0,0.0
1381.0,"SUCHECKI, K",2,4.178571428571429,0.0,1.0
1382.0,"SVENSON, P",0,0.0,0.0,0.0
1383.0,"SWEDBERG, R",0,0.0,0.0,0.0
1384.0,"SZABO, G",2,6.568783068783069,0.0,1.0
1385.0,"ALAVA, M",2,6.568783068783069,0.0,1.0
1386.0,"SZNAJDWERON, K",1,1.0,0.0,0.0
1387.0,"SZNAJD, J",1,1.0,0.0,0.0
1388.0,"SZYMANSKI, J",0,0.0,0.0,0.0
1389.0,"THURNER, S",2,6.984126984126984,0.0,1.0
1390.0,"TAKAYASU, M",2,1.0,0.0,1.0
1391.0,"TAKAYASU, H",2,1.0,0.0,1.0
1392.0,"SATO, T",2,1.0,0.0,1.0
1393.0,"TANAKA, R",0,0.0,0.0,0.0
1394.0,"TASS, P",7,7.092592592592593,0.0,1.0
1395.0,"WEULE, M",7,7.092592592592593,0.0,1.0
1396.0,"VOLKMANN, J",7,7.092592592592593,0.0,1.0
1397.0,"FREUND, H",7,7.092592592592593,0.0,1.0
1398.0,"TERMAN, D",1,1.6666666666666667,0.0,0.0
1399.0,"TICOS, C",4,1.0,0.0,1.0
1400.0,"ROSAJR, E",4,1.0,0.0,1.0
1401.0,"PARDO, W",4,1.0,0.0,1.0
1402.0,"WALKENSTEIN, J",4,1.0,0.0,1.0
1403.0,"MONTI, M",4,1.0,0.0,1.0
1404.0,"TIERI, P",6,6.2407407407407405,0.0,1.0
1405.0,"VALENSIN, S",6,6.2407407407407405,0.0,1.0
1406.0,"CASTELLANI, G",6,6.2407407407407405,0.0,1.0
1407.0,"REMONDINI, D",6,6.2407407407407405,0.0,1.0
1408.0,"FRANCESCHI, C",6,6.2407407407407405,0.0,1.0
1409.0,"TIMME, M",2,1.6666666666666667,0.0,1.0
1410.0,"WOLF, F",2,1.6666666666666667,0.0,1.0
1411.0,"MCINTOSH, A",3,3.892857142857143,0.0,1.0
1412.0,"TORNOW, S",1,1.9,0.0,0.0
1413.0,"KOZMA, B",4,8.812169312169312,0.0,1.0
1414.0,"HENGARTNER, N",4,8.812169312169312,0.0,1.0
1415.0,"KORNISS, G",4,8.812169312169312,0.0,1.0
1416.0,"TORRES, J",3,5.928571428571429,0.0,1.0
1417.0,"GARRIDO, P",3,5.928571428571429,0.0,1.0
1418.0,"TRAVERS, J",1,1.5,0.0,0.0
1419.0,"DEALBUQUERQUE, M",1,1.75,0.0,0.0
1420.0,"TSODYKS, M",3,1.0,0.0,1.0
1421.0,"KENET, T",3,1.0,0.0,1.0
1422.0,"GRINVALD, A",3,1.0,0.0,1.0
1423.0,"ARIELI, A",3,1.0,0.0,1.0
1424.0,"TYLER, J",2,1.8571428571428572,0.0,1.0
1425.0,"WILKINSON, D",2,1.8571428571428572,0.0,1.0
1426.0,"TYSON, J",2,1.0,0.0,1.0
1427.0,"CSIKASZNAGE, A",2,1.0,0.0,1.0
1428.0,"NOVAK, B",2,1.0,0.0,1.0
1429.0,"UETZ, P",20,1.0,5.666666666666665,0.9105263157894737
1430.0,"CAGNEY, G",20,1.0,5.666666666666665,0.9105263157894737
1431.0,"MANSFIELD, T",20,1.0,5.666666666666665,0.9105263157894737
1432.0,"JUDSON, R",19,1.05,0.0,1.0
1433.0,"KNIGHT, J",19,1.05,0.0,1.0
1434.0,"LOCKSHON, D",19,1.05,0.0,1.0
1435.0,"NARAYAN, V",19,1.05,0.0,1.0
1436.0,"SRINIVASAN, M",19,1.05,0.0,1.0
1437.0,"POCHART, P",19,1.05,0.0,1.0
1438.0,"QURESHIEMILI, A",19,1.05,0.0,1.0
1439.0,"LI, Y",19,1.05,0.0,1.0
1440.0,"GODWIN, B",19,1.05,0.0,1.0
1441.0,"CONOVER, D",19,1.05,0.0,1.0
1442.0,"KALBFLEISCH, T",19,1.05,0.0,1.0
1443.0,"VIJAYADAMODAR, G",19,1.05,0.0,1.0
1444.0,"YANG, M",19,1.05,0.0,1.0
1445.0,"JOHNSTON, M",19,1.05,0.0,1.0
1446.0,"FIELDS, S",19,1.05,0.0,1.0
1447.0,"ROTHBERG, J",19,1.05,0.0,1.0
1448.0,"GLOT, L",3,1.85,0.0,1.0
1449.0,"VALENTE, T",1,1.0,0.0,0.0
1450.0,"FOREMAN, R",1,1.0,0.0,0.0
1451.0,"CANCHO, R",2,5.01058201058201,0.0,1.0
1452.0,"VANNUCCHI, F",1,6.325396825396825,0.0,0.0
1453.0,"VANPUTTEN, M",1,1.0,0.0,0.0
1454.0,"VANVREESWIJK, C",1,2.4,0.0,0.0
1455.0,"VANWIGGEREN, G",1,2.230769230769231,0.0,0.0
1456.0,"VARELA, F",3,1.0,0.0,1.0
1457.0,"LACHAUX, J",3,1.0,0.0,1.0
1458.0,"RODRIGUEZ, E",3,1.0,0.0,1.0
1459.0,"MARTINERIE, J",3,1.0,0.0,1.0
1460.0,"FLAMMINI, A",3,5.2936507936507935,0.0,1.0
1461.0,"VAZQUEZ, F",2,6.920634920634921,0.0,1.0
1462.0,"VENKATESH, S",0,0.0,0.0,0.0
1463.0,"VERDASCA, J",0,0.0,0.0,0.0
1464.0,"VEZOLI, J",5,3.482142857142857,0.0,1.0
1465.0,"FALCHIER, A",5,3.482142857142857,0.0,1.0
1466.0,"KNOBLAUCH, K",5,3.482142857142857,0.0,1.0
1467.0,"KENNEDY, H",5,3.482142857142857,0.0,1.0
1468.0,"CZIROK, A",4,6.124338624338624,0.0,1.0
1469.0,"COHEN, I",4,6.124338624338624,0.0,1.0
1470.0,"SHOCHET, O",4,6.124338624338624,0.0,1.0
1471.0,"VOGELSTEIN, B",2,1.0,0.0,1.0
1472.0,"LANE, D",2,1.0,0.0,1.0
1473.0,"LEVINE, A",2,1.0,0.0,1.0
1474.0,"VOGELS, W",2,1.0,0.0,1.0
1475.0,"VANRENESSE, R",2,1.0,0.0,1.0
1476.0,"BIRMAN, K",2,1.0,0.0,1.0
1477.0,"VOLCHENKOV, D",2,1.5,0.0,1.0
1478.0,"VOLCHENKOVA, L",2,1.5,0.0,1.0
1479.0,"VONNEUMANN, J",1,1.0,0.0,0.0
1480.0,"MORGENSTERN, O",1,1.0,0.0,0.0
1481.0,"VRAGOVIC, I",2,5.944444444444445,0.0,1.0
1482.0,"LOUIS, E",2,5.944444444444445,0.0,1.0
1483.0,"VUKADINOVIC, D",2,1.0,0.0,1.0
1484.0,"HUANG, P",2,1.0,0.0,1.0
1485.0,"ERLEBACH, T",2,1.0,0.0,1.0
1486.0,"VUKMIROVIC, O",1,1.0,0.0,0.0
1487.0,"TILGHMAN, S",1,1.0,0.0,0.0
1488.0,"WALL, M",2,1.3333333333333333,0.0,1.0
1489.0,"HIAVACEK, W",2,1.3333333333333333,0.0,1.0
1490.0,"WALSH, T",0,0.0,0.0,0.0
1491.0,"WANG, B",5,1.1666666666666667,5.0,0.6
1492.0,"ZHANG, F",1,2.0,0.0,0.0
1493.0,"WANG, J",5,1.1666666666666667,5.0,0.6
1494.0,"DEWILDE, P",1,2.0,0.0,0.0
1495.0,"WANG, S",1,1.0,0.0,0.0
1496.0,"ZHANG, C",1,1.0,0.0,0.0
1497.0,"XU, J",1,2.4545454545454546,0.0,0.0
1498.0,"PATTISON, P",1,2.2857142857142856,0.0,0.0
1499.0,"WAXMAN, B",0,0.0,0.0,0.0
1500.0,"WEEKS, M",4,1.3333333333333333,0.0,1.0
1501.0,"CLAIR, S",4,1.3333333333333333,0.0,1.0
1502.0,"RADDA, K",4,1.3333333333333333,0.0,1.0
1503.0,"SCHENSUL, J",4,1.3333333333333333,0.0,1.0
1504.0,"WELLMAN, B",7,2.111111111111111,110.0,0.5238095238095238
1505.0,"SALAFF, J",5,2.925925925925926,0.0,1.0
1506.0,"DIMITROVA, D",5,2.925925925925926,0.0,1.0
1507.0,"GARTON, L",5,2.925925925925926,0.0,1.0
1508.0,"GULIA, M",5,2.925925925925926,0.0,1.0
1509.0,"HAYTHORNTHWAITE, C",5,2.925925925925926,0.0,1.0
1510.0,"WEST, D",0,0.0,0.0,0.0
1511.0,"WEST, G",2,1.0,0.0,1.0
1512.0,"BROWN, J",2,1.0,0.0,1.0
1513.0,"ENQUIST, B",2,1.0,0.0,1.0
1514.0,"NAZER, N",2,2.2962962962962963,0.0,1.0
1515.0,"SOUTHGATE, E",3,1.5714285714285714,0.0,1.0
1516.0,"THOMPSON, J",3,1.5714285714285714,0.0,1.0
1517.0,"BRENNER, S",3,1.5714285714285714,0.0,1.0
1518.0,"WHITTINGTON, M",4,1.2,0.0,1.0
1519.0,"TRAUB, R",4,1.2,0.0,1.0
1520.0,"BUHL, E",4,1.2,0.0,1.0
1521.0,"WINFREE, A",0,0.0,0.0,0.0
1522.0,"WINFUL, H",1,1.0,0.0,0.0
1523.0,"RAHMAN, L",1,1.0,0.0,0.0
1524.0,"WOLFRAM, S",0,0.0,0.0,0.0
1525.0,"WOOD, A",1,1.0,0.0,0.0
1526.0,"WOLLENBERG, B",1,1.0,0.0,0.0
1527.0,"WOOLF, M",0,0.0,0.0,0.0
1528.0,"WORMALD, N",0,0.0,0.0,0.0
1529.0,"WUCHTY, S",2,5.682539682539683,0.0,1.0
1530.0,"WU, C",1,1.0,0.0,0.0
1531.0,"CHUA, L",1,1.0,0.0,0.0
1532.0,"WU, F",1,2.0,0.0,0.0
1533.0,"RICE, D",5,1.1666666666666667,0.0,1.0
1534.0,"SALWINSKI, L",5,1.1666666666666667,0.0,1.0
1535.0,"BARON, M",5,1.1666666666666667,0.0,1.0
1536.0,"XULVIBRUNET, R",1,1.8571428571428572,0.0,0.0
1537.0,"YANG, K",2,1.0,0.0,1.0
1538.0,"HUANG, L",2,1.0,0.0,1.0
1539.0,"YANG, L",2,1.0,0.0,1.0
1540.0,"YAN, G",4,1.3333333333333333,0.0,1.0
1541.0,"ZHOU, T",4,1.3333333333333333,0.0,1.0
1542.0,"FU, Z",4,1.3333333333333333,0.0,1.0
1543.0,"YAOUM, Y",1,1.0,0.0,0.0
1544.0,"LAUMANN, E",1,1.0,0.0,0.0
1545.0,"YEHIA, A",3,1.0,0.0,1.0
1546.0,"JEANDUPREUX, D",3,1.0,0.0,1.0
1547.0,"ALONSO, F",3,1.0,0.0,1.0
1548.0,"GUEVARA, M",3,1.0,0.0,1.0
1549.0,"YEUNG, M",1,5.814814814814815,0.0,0.0
1550.0,"YOOK, S",4,5.272486772486772,0.3333333333333333,0.8333333333333334
1551.0,"TU, Y",3,5.275132275132275,0.0,1.0
1552.0,"YOUNG, H",0,0.0,0.0,0.0
1553.0,"SAGER, J",3,3.5535714285714284,0.0,1.0
1554.0,"CSARDI, G",3,3.5535714285714284,0.0,1.0
1555.0,"HAGA, P",3,3.5535714285714284,0.0,1.0
1556.0,"YUSONG, T",3,7.634920634920635,0.0,1.0
1557.0,"LINGJIANG, K",3,7.634920634920635,0.0,1.0
1558.0,"MUREN, L",3,7.634920634920635,0.0,1.0
1559.0,"ZACHARY, W",0,0.0,0.0,0.0
1560.0,"ZAKS, M",3,7.134920634920635,0.0,1.0
1561.0,"PARK, E",3,7.134920634920635,0.0,1.0
1562.0,"ZASLAVER, A",7,2.1333333333333333,0.0,1.0
1563.0,"MAYO, A",7,2.1333333333333333,0.0,1.0
1564.0,"ROSENBERG, R",7,2.1333333333333333,0.0,1.0
1565.0,"BASHKIN, P",7,2.1333333333333333,0.0,1.0
1566.0,"SBERRO, H",7,2.1333333333333333,0.0,1.0
1567.0,"TSALYUK, M",7,2.1333333333333333,0.0,1.0
1568.0,"ZEKRI, N",1,1.0,0.0,0.0
1569.0,"CLERC, J",1,1.0,0.0,0.0
1570.0,"CERDEIRA, H",5,1.5833333333333333,0.0,1.0
1571.0,"CHEN, S",5,1.5833333333333333,0.0,1.0
1572.0,"BRAUN, T",5,1.5833333333333333,0.0,1.0
1573.0,"YAO, Y",5,1.5833333333333333,0.0,1.0
1574.0,"ZHAN, M",2,1.9166666666666667,0.0,1.0
1575.0,"ZHENG, D",3,1.0,0.0,1.0
1576.0,"TRIMPER, S",3,1.0,0.0,1.0
1577.0,"ZHENG, B",3,1.0,0.0,1.0
1578.0,"HUI, P",3,1.0,0.0,1.0
1579.0,"ZHENG, Z",2,1.9166666666666667,0.0,1.0
1580.0,"ZHONGBAO, K",1,1.0,0.0,0.0
1581.0,"CHANGSHUI, Z",1,1.0,0.0,0.0
1582.0,"ZHOU, H",0,0.0,0.0,0.0
1583.0,"ZHOU, S",1,1.0,0.0,0.0
1584.0,"MONDRAGON, R",1,1.0,0.0,0.0
1585.0,"ZHU, H",2,1.0,1.0,0.0
1586.0,"HUANG, Z",1,1.5,0.0,0.0
1587.0,"ZHU, J",1,1.5,0.0,0.0
1588.0,"ZIMMERMANN, M",2,4.178571428571429,0.0,1.0
